train/learning_rate,train/std,train/explained_variance,train/clip_range,train/value_loss,global_step,train/entropy_loss,train/policy_gradient_loss,train/loss,train/clip_fraction,_step,time/fps,_timestamp,train/approx_kl,_runtime
,,,,,1024.0,,,,,0,376,1790937168.74095,,17.164570039
0.0003,0.99805546,-0.012276411,0.2,643.2542,2048.0,-2.836937,-0.0061412994,7.7416267,0.04423828,1,187,1790937176.9530826,0.004046134,22.165943097
0.0003,0.981488,0.014508009,0.2,1104.5801,5120.0,-2.8024302,-0.00431532,106.6381,0.03671875,4,155,1790937198.974311,0.0043927394,47.173575627
0.0003,0.9737358,2.348423e-05,0.2,2790.4163,8192.0,-2.784495,-0.0047416515,847.70575,0.043261718,7,149,1790937220.8613348,0.006708376,67.182660024
0.0003,0.97351724,3.3974648e-06,0.2,2884.638,9216.0,-2.784357,-0.006193611,1465.7992,0.020214844,8,148,1790937228.108144,0.005887624,72.184140223
0.0003,0.9731424,2.4437904e-06,0.2,1992.8412,10240.0,-2.7838295,-0.00613074,1396.4763,0.03125,9,147,1790937235.3560472,0.006463891,82.185695597
0.0003,0.97237015,-1.1920929e-07,0.2,1736.0105,12288.0,-2.782383,-0.013920001,867.26263,0.0828125,11,146,1790937249.7582152,0.008910875,97.189463251
0.0003,0.97138137,0.0,0.2,1290.6484,13312.0,-2.7809322,-0.01133065,351.23697,0.084179685,12,146,1790937256.9987223,0.008564863,102.190641209
0.0003,0.9683598,-1.1920929e-07,0.2,685.16266,15360.0,-2.7765,-0.008888899,119.16686,0.07734375,14,145,1790937271.4278264,0.008419914,117.193474182
0.0003,0.96252465,-1.1920929e-07,0.2,395.86768,17408.0,-2.7668362,-0.005485061,70.880295,0.04082031,16,145,1790937285.8064697,0.005017522,132.19680479
0.0003,0.9587413,0.0,0.2,402.9055,18432.0,-2.7571237,-0.006474994,96.97741,0.05029297,17,145,1790937293.0562544,0.005756852,137.198215115
0.0003,0.8665749,1.1324883e-06,0.2,21.847376,28672.0,-2.5593796,-0.0035968123,15.611536,0.074804686,27,143,1790937365.6828167,0.005026048,212.216026246
0.0003,0.86538786,2.3841858e-06,0.2,25.71548,29696.0,-2.5488124,-0.00021062321,42.976864,0.10800781,28,143,1790937372.8822856,0.0019392525,217.221026044
0.0003,0.8705423,8.761883e-06,0.2,21.958656,31744.0,-2.5480971,0.00010557639,5.4027643,0.06992187,30,143,1790937387.3136742,0.00836255,232.224187461
0.0003,0.865968,0.22916019,0.2,16.894482,33792.0,-2.5506132,-0.005343265,2.2718928,0.03642578,32,143,1790937401.7686858,0.006945705,247.228623596
0.0003,0.86615884,0.4982444,0.2,6.393472,34816.0,-2.549661,-0.0020528946,0.9622732,0.0048828125,33,143,1790937408.9832234,0.0043141386,257.230450108
0.0003,0.8624176,0.7366578,0.2,2.6264365,37888.0,-2.543512,-0.0030174456,0.5186513,0.023339843,36,143,1790937430.6407483,0.0038179923,277.235571874
0.0003,0.8599394,0.53734696,0.2,6.770115,39936.0,-2.5367684,-0.0013264737,1.0139236,0.012109375,38,143,1790937444.9616177,0.0044766213,292.241266608
0.0003,0.8566642,0.6162453,0.2,4.9004884,41984.0,-2.529427,-0.0011800664,0.7486005,0.008398438,40,143,1790937459.5016549,0.0024271496,307.244372492
0.0003,0.85586226,0.7142484,0.2,3.1469395,43008.0,-2.527018,-0.005753062,3.922613,0.057128906,41,143,1790937466.7574599,0.005592492,312.245034846
0.0003,0.85526675,0.61693394,0.2,5.726355,44032.0,-2.525123,-0.0002659994,0.8299474,0.00029296876,42,142,1790937474.0209644,0.0026568659,322.247106065
0.0003,0.8538523,0.580354,0.2,7.2382402,45056.0,-2.5230777,-0.0033004514,0.5609345,0.02080078,43,142,1790937481.3130097,0.0035733236,327.248424826
0.0003,0.85192025,0.74074364,0.2,3.328269,46080.0,-2.5186741,-0.0021148664,0.88709086,0.021972656,44,142,1790937488.5694485,0.0042149723,332.250020988
0.0003,0.8493602,0.7399969,0.2,2.8831909,47104.0,-2.514325,0.0008398669,0.9171232,0.025,45,142,1790937495.8480644,0.004674593,342.252447592
0.0003,0.85066783,0.7071628,0.2,3.446092,48128.0,-2.5120914,-0.00057170703,3.0373518,0.01640625,46,142,1790937503.1167052,0.0077183945,347.253977244
0.0003,0.84897494,0.6485586,0.2,5.840309,49152.0,-2.511769,-0.002107663,0.3203733,0.045800783,47,142,1790937510.4200885,0.0045096953,357.255448739
0.0003,0.84855795,0.74421406,0.2,3.032439,50176.0,-2.5091462,-0.0043968977,1.1421647,0.05644531,48,142,1790937517.6022203,0.006697395,362.25628482
0.0003,0.8364333,0.6687422,0.2,3.8930917,54272.0,-2.484239,-0.0040540956,0.7664228,0.05214844,52,142,1790937546.3363888,0.007799485,392.264041273
0.0003,0.8268137,0.74493504,0.2,2.5098166,57344.0,-2.4575195,-0.00010858293,0.42438707,0.012792969,55,142,1790937567.9345803,0.0030650706,412.268413768
0.0003,0.81904984,0.74751025,0.2,3.6080582,59392.0,-2.4418702,-0.0028084486,2.3736193,0.04042969,57,142,1790937582.2772834,0.00575645,427.27180754
0.0003,0.8110216,0.6994462,0.2,4.0348,60416.0,-2.4267805,-0.0059076026,0.8956011,0.080761716,58,142,1790937589.4863255,0.0062375157,437.273801198
0.0003,0.8102739,0.7572237,0.2,2.8685489,62464.0,-2.419098,-0.0012990419,0.9211727,0.020703126,60,142,1790937603.9035547,0.003242496,447.27604576
0.0003,0.8028462,0.7430807,0.2,3.250472,63488.0,-2.4044116,-0.003655273,0.6463529,0.039648436,61,142,1790937611.1180954,0.008070223,457.277669873
0.0003,0.79342115,0.84579074,0.2,1.191281,66560.0,-2.386056,0.00035261034,0.27076048,0.050390624,64,142,1790937632.688708,0.0029828618,477.284777316
0.0003,0.79414976,0.7271888,0.2,5.250409,67584.0,-2.3737166,-0.0013380141,4.0166893,0.0390625,65,142,1790937639.9059525,0.0057476615,487.287208832
0.0003,0.78645635,0.7528434,0.2,2.5705197,68608.0,-2.367101,-0.0008776486,0.5433814,0.05419922,66,142,1790937647.1241293,0.0067166444,492.28895315
0.0003,0.78226554,0.71018285,0.2,3.8555899,69632.0,-2.3493838,0.00022320598,0.40807816,0.039648436,67,142,1790937654.2771628,0.0060073026,502.29108463
0.0003,0.77488494,0.74526143,0.2,2.627702,72704.0,-2.3344417,-0.00026651582,0.8477935,0.035449218,70,142,1790937675.5193987,0.0039609205,522.295329103
0.0003,0.7711057,0.8318264,0.2,1.7109727,74752.0,-2.316603,-0.0024227805,2.2042093,0.058398437,72,143,1790937687.8932147,0.001990452,532.297701128
0.0003,0.7688111,0.7737056,0.2,2.8721132,75776.0,-2.3129635,0.00053805765,0.79393387,0.026953125,73,143,1790937694.0991902,0.0029314186,537.298661764
0.0003,0.7609129,0.79168427,0.2,2.1429486,76800.0,-2.298642,-0.002745338,1.0561924,0.031152343,74,143,1790937700.2639182,0.0053656846,547.300225943
0.0003,0.7624309,0.74355584,0.2,2.125062,79872.0,-2.2913954,0.0006798472,0.23773128,0.035351563,77,144,1790937718.8711338,0.004195871,562.303856121
0.0003,0.76326656,0.8135288,0.2,1.3756404,80896.0,-2.2925153,-0.0008520958,0.58594114,0.032714844,78,144,1790937725.0954142,0.005845135,572.306708358
0.0003,0.75687516,0.77236485,0.2,2.8702018,83968.0,-2.2821836,-0.0023296135,1.4944636,0.050390624,81,145,1790937744.385599,0.006198472,592.31249655
0.0003,0.74763316,0.7663655,0.2,2.6221812,88064.0,-2.2493129,-0.0029275846,0.24968086,0.04863281,85,145,1790937772.9463475,0.0050796433,617.318621666
0.0003,0.744805,0.77454734,0.2,2.2569268,90112.0,-2.2469854,-0.00017039159,3.4591818,0.042382814,87,145,1790937787.245496,0.0064873556,632.322884851
0.0003,0.7377651,0.78358066,0.2,2.2222292,91136.0,-2.2378302,-0.0016204312,0.6305017,0.012402344,88,145,1790937794.4140916,0.0027568832,642.324648289
0.0003,0.73773324,0.8585197,0.2,1.1523173,93184.0,-2.2255557,-0.0011838014,0.21214248,0.05214844,90,145,1790937808.6521451,0.010595693,652.326965028
0.0003,0.7259392,0.6871804,0.2,4.003059,96256.0,-2.1971865,-0.00037081342,2.6930246,0.021289062,93,144,1790937829.9812806,0.004036695,677.33257288
0.0003,0.7225262,0.8144239,0.2,1.3548601,97280.0,-2.1906574,-0.00010995824,0.29826155,0.019726563,94,144,1790937837.0798357,0.004119956,682.333932691
0.0003,0.7230356,0.7235217,0.2,2.8683078,98304.0,-2.185416,0.00049551815,1.6160417,0.02265625,95,144,1790937844.187659,0.0017191925,692.335505525
0.0003,0.72193825,0.7348128,0.2,3.8279192,99328.0,-2.1853724,-0.00013570552,2.056488,0.05810547,96,144,1790937851.3454316,0.0033604945,697.336199501
0.0003,0.7207668,0.74711657,0.2,3.4354727,100352.0,-2.1822689,-0.0057894574,1.1141577,0.0875,97,144,1790937858.4844856,0.0087169595,702.339712763
0.0003,0.7119653,0.80291843,0.2,1.8974556,102400.0,-2.1606395,0.0003359605,1.2791415,0.039160155,99,144,1790937872.7160344,0.0008427951,717.342519077
0.0003,0.70780134,0.63919127,0.2,5.31929,103424.0,-2.149224,-0.0021193991,6.290781,0.034765624,100,144,1790937879.8754013,0.00485137,727.3451566
0.0003,0.7029984,0.78235954,0.2,2.3966572,104448.0,-2.1359417,0.00071376807,0.65084934,0.029785156,101,144,1790937886.943728,0.0066385437,732.346681502
0.0003,0.70172036,0.7102908,0.2,3.3870819,105472.0,-2.1275465,-0.0009900674,0.6241951,0.03203125,102,144,1790937894.0554674,0.004431051,742.34848281
0.0003,0.7041006,0.8134972,0.2,1.4526174,107520.0,-2.129987,-0.0005844411,1.1504179,0.047460936,104,144,1790937908.292445,0.005004512,752.351190532
0.0003,0.7024949,0.73022765,0.2,2.9501219,108544.0,-2.12808,0.00034048926,6.3131623,0.039257813,105,144,1790937915.4559402,0.0028835319,762.353396625
0.0003,0.70383567,0.7698349,0.2,2.9197025,109568.0,-2.1293972,0.00021060185,1.4140483,0.051464844,106,144,1790937922.5217257,0.006565187,767.355316788
0.0003,0.6916766,0.7877045,0.2,2.396255,112640.0,-2.0956979,-0.0004531123,1.7830535,0.038085938,109,144,1790937943.9243095,0.002945529,787.360727594
0.0003,0.68065464,0.7961103,0.2,1.5158454,114688.0,-2.064184,-0.0012008664,0.13400497,0.08251953,111,144,1790937958.2017705,0.0032386167,802.364496305
0.0003,0.6826925,0.77347565,0.2,2.231419,115712.0,-2.066713,-0.0015627202,1.4211991,0.020996094,112,144,1790937965.243323,0.004267605,812.367233242
0.0003,0.6640034,0.77547824,0.2,3.0006595,122880.0,-2.0234642,-0.0008121823,0.775044,0.05908203,119,144,1790938015.039746,0.0016501214,862.379475265
0.0003,0.66174704,0.6746475,0.2,3.6005082,123904.0,-2.0139353,-0.00188429,0.30759585,0.058691405,120,144,1790938022.1985161,0.0073324824,867.381144114
0.0003,0.6615689,0.6279583,0.2,5.0447326,125952.0,-2.017229,0.0014450451,0.7503517,0.026660156,122,144,1790938036.481664,0.0034010937,882.384020117
0.0003,0.6489581,0.79962957,0.2,1.6731305,128000.0,-1.9817374,-0.0029984796,0.51178455,0.0484375,124,144,1790938050.8232214,0.0042115794,897.387743065
0.0003,0.6511282,0.758088,0.2,3.3590848,131072.0,-1.979029,-0.0010490086,1.0136704,0.033496093,127,144,1790938072.2327328,0.0056991694,917.392158983
0.0003,0.6450827,0.7966237,0.2,1.5766388,134144.0,-1.9728037,0.00039838834,0.38915005,0.02734375,130,144,1790938093.645381,0.00341088,937.396205979
0.0003,0.6468692,0.729826,0.2,2.8356957,135168.0,-1.9625875,-0.0015398428,1.1038626,0.046289064,131,144,1790938100.813713,0.012367778,947.398737906
0.0003,0.6441741,0.7064842,0.2,3.4814298,137216.0,-1.9589568,0.0030059684,0.12119256,0.10185547,133,144,1790938115.2136698,0.0038818703,962.40194342
0.0003,0.6352843,0.7773307,0.2,2.3162267,140288.0,-1.9368466,0.0011345575,0.6802699,0.038769532,136,144,1790938136.957798,0.0059335297,982.406452409
0.0003,0.61716366,0.7807441,0.2,2.2078516,146432.0,-1.8724027,-0.0024847342,0.29529244,0.07460938,142,144,1790938180.416567,0.0076517398,1027.416198024
0.0003,0.6149385,0.7825031,0.2,2.5531507,147456.0,-1.86921,-0.00749722,0.48307872,0.11191406,143,144,1790938187.6736202,0.0089986455,1032.417888759
0.0003,0.6166067,0.8025156,0.2,1.84944,151552.0,-1.8722839,-0.0023312916,0.6385052,0.051171876,147,144,1790938216.4706714,0.006345177,1062.424820349
0.0003,0.6188882,0.77068806,0.2,1.8757026,152576.0,-1.8721455,-1.0424415e-05,0.45860088,0.07011719,148,144,1790938223.5431182,0.008130851,1067.425622337
0.0003,0.61908174,0.80881935,0.2,1.9318365,153600.0,-1.8777672,-0.0016245833,0.29034176,0.08867188,149,144,1790938230.619643,0.0052536866,1077.427052457
0.0003,0.621554,0.7675309,0.2,2.3651302,154624.0,-1.8831388,0.0010583107,0.5772418,0.063085936,150,144,1790938237.7131846,0.010821955,1082.429283039
0.0003,0.61504585,0.779335,0.2,2.0050797,156672.0,-1.8711885,-0.00063304085,1.1949453,0.06328125,152,144,1790938252.0628612,0.007421484,1097.431980621
0.0003,0.6122023,0.7415203,0.2,2.599306,157696.0,-1.861329,0.001155262,1.1263494,0.034960937,153,144,1790938259.1275263,0.0037008096,1102.433639105
0.0003,0.609381,0.7600553,0.2,2.3778183,158720.0,-1.8502752,-0.0010538722,1.2442398,0.04814453,154,144,1790938266.2376268,0.004877746,1112.4353902
0.0003,0.6108669,0.7920381,0.2,2.2694476,159744.0,-1.8492066,-0.0005959414,0.58226794,0.09335937,155,144,1790938273.3143356,0.005512438,1117.437150261
0.0003,0.607057,0.7487954,0.2,2.6091292,161792.0,-1.8391877,-0.0034896787,0.5921854,0.058007814,157,144,1790938287.5643146,0.0068666134,1132.440468543
0.0003,0.60323703,0.75223625,0.2,2.6527827,162816.0,-1.8323243,-0.003231334,0.36101055,0.09482422,158,144,1790938294.6409643,0.0066217533,1142.442505802
0.0003,0.59495807,0.78936076,0.2,2.3295717,165888.0,-1.8072268,0.0013268321,0.65409005,0.07285156,161,144,1790938316.0841172,0.011549557,1162.446613661
0.0003,0.59511167,0.78560996,0.2,1.8699907,166912.0,-1.7994198,-0.0025308414,0.57893354,0.07138672,162,144,1790938323.193071,0.011432126,1167.448004218
0.0003,0.5917979,0.7572953,0.2,2.717672,172032.0,-1.7908286,-0.0055165365,0.5093637,0.07265625,167,144,1790938359.3913403,0.0062987367,1207.458491524
0.0003,0.5801365,0.8098786,0.2,1.5943997,175104.0,-1.7522715,0.00087442325,1.8678873,0.03730469,170,144,1790938381.0463145,0.003927481,1227.462819285
0.0003,0.5755524,0.7751732,0.2,2.2148156,176128.0,-1.7407472,0.002066497,0.071353994,0.07832031,171,144,1790938388.2815158,0.009967681,1232.464030261
0.0003,0.57696545,0.7859553,0.2,2.0700266,177152.0,-1.7341682,0.003044293,2.0659711,0.038476564,172,144,1790938395.5294828,0.00027500093,1242.465802985
0.0003,0.57761157,0.8732362,0.2,0.86438894,178176.0,-1.7368151,0.0006064783,0.15575622,0.01875,173,144,1790938402.8443928,0.00321562,1247.467144767
0.0003,0.5798596,0.8083088,0.2,1.6456821,179200.0,-1.7426163,-0.0002693464,0.38165808,0.033496093,174,144,1790938410.0933151,0.002920073,1257.468674409
0.0003,0.58054674,0.7931,0.2,1.921095,180224.0,-1.7480706,0.0004123371,4.1264563,0.018652344,175,144,1790938417.4082088,0.0025946703,1262.470135169
0.0003,0.5760428,0.7670032,0.2,2.5971792,182272.0,-1.7417125,-0.0016766882,1.2041636,0.070214845,177,143,1790938431.9439123,0.0023392914,1277.474060413
0.0003,0.57007086,0.7515877,0.2,2.4832864,185344.0,-1.7137783,0.0014526934,0.38664383,0.032421876,180,143,1790938453.759321,0.0018909139,1297.478614211
0.0003,0.5686883,0.7344674,0.2,2.8017545,186368.0,-1.7089809,-0.0027052183,5.1640964,0.07734375,181,143,1790938461.0796432,0.0069981953,1307.480626384
0.0003,0.5646492,0.7857137,0.2,1.9831759,187392.0,-1.6988711,-0.0020383636,0.16640422,0.04736328,182,143,1790938468.3877914,0.005779883,1312.482073485
0.0003,0.55892766,0.8056514,0.2,1.8611112,190464.0,-1.6789598,0.0002869414,0.8746845,0.0803711,185,143,1790938490.2371354,0.0020622327,1337.489602383
0.0003,0.55798423,0.7892163,0.2,2.3981605,198656.0,-1.6708648,-0.0036956081,2.9786212,0.095898435,193,143,1790938548.41621,0.0077007627,1392.503293954
0.0003,0.55614996,0.7960321,0.2,2.0268931,199680.0,-1.6678965,-0.0004056556,0.6711542,0.033203125,194,143,1790938555.6619544,0.0018832535,1402.504829481
0.0003,0.5572903,0.8456886,0.2,1.2205641,200704.0,-1.665641,-0.00013053387,0.73820776,0.09033203,195,143,1790938562.9561114,0.0071257576,1407.506430058
0.0003,0.555658,0.8039507,0.2,2.2139013,203776.0,-1.6573672,-0.0012040089,0.8332151,0.060253907,198,143,1790938584.167039,0.009540649,1427.511147333
0.0003,0.55480206,0.75778687,0.2,3.0165143,204800.0,-1.6603466,-0.00087637216,1.6299824,0.03652344,199,143,1790938590.5033574,0.0047654025,1437.512668959
0.0003,0.553151,0.80162925,0.2,2.2987347,206848.0,-1.6540638,-0.0038395224,0.7657299,0.07167969,201,143,1790938602.889441,0.008248312,1447.514883962
0.0003,0.5467874,0.795854,0.2,2.0612094,207872.0,-1.6400783,-0.0022794285,1.7069384,0.036035158,202,144,1790938609.445972,0.005706344,1457.517249163
0.0003,0.54468644,0.79128253,0.2,1.7428705,208896.0,-1.6236616,-0.0010744046,1.7115363,0.069726564,203,144,1790938616.6871111,0.004214346,1462.517896824
0.0003,0.53664136,0.82903624,0.2,1.3581923,214016.0,-1.5882589,-0.0016074292,0.06648777,0.06777344,208,143,1790938653.0509667,0.0069572823,1497.526102169
0.0003,0.53176486,0.8279274,0.2,1.3728049,217088.0,-1.5851467,-0.00073591527,2.1441839,0.033984374,211,143,1790938674.8285813,0.004487867,1522.535498327
0.0003,0.5265227,0.8048291,0.2,1.4893562,218112.0,-1.5648941,0.0016226557,0.3947157,0.023730468,212,143,1790938682.1512232,0.002969605,1527.536507454
0.0003,0.5237819,0.7439028,0.2,2.2937782,219136.0,-1.548289,-0.00079413183,0.8029745,0.039257813,213,143,1790938689.4321144,0.0016717834,1537.538264291
0.0003,0.52448726,0.75112873,0.2,3.2147462,220160.0,-1.5434455,-0.00095212646,1.5454751,0.01669922,214,143,1790938696.7322474,0.0027474668,1542.539335752
0.0003,0.52084875,0.80689913,0.2,1.932989,221184.0,-1.5386943,-0.0015853103,0.6249864,0.035351563,215,143,1790938703.9687343,0.0058234185,1547.540399541
0.0003,0.523778,0.79415905,0.2,1.8825282,223232.0,-1.5414537,-0.005181729,0.46197897,0.088085935,217,143,1790938718.4821806,0.006010253,1562.542773166
0.0003,0.5222075,0.8077719,0.2,1.716285,224256.0,-1.53942,-0.0052342294,0.2912447,0.07451172,218,143,1790938725.7738354,0.006800786,1572.545462147
0.0003,0.51843864,0.88650584,0.2,0.6464602,226304.0,-1.5208813,-0.0008055974,0.020350602,0.10341797,220,143,1790938740.3703957,0.0068455767,1587.551608146
0.0003,0.51259214,0.8701406,0.2,0.7742478,231424.0,-1.5109437,0.0029316961,1.4272418,0.064453125,225,143,1790938776.670859,0.0038417315,1622.55980175
0.0003,0.5094413,0.7913691,0.2,2.129212,234496.0,-1.485934,0.00023118439,1.1420488,0.025292968,228,143,1790938798.5723872,0.0065415367,1642.566701382
0.0003,0.5064888,0.7746195,0.2,2.2180448,235520.0,-1.4808707,-0.0035405902,2.679708,0.050097656,229,143,1790938805.7356143,0.0046348283,1652.568336753
0.0003,0.5010098,0.75073427,0.2,2.336014,237568.0,-1.4632902,-0.0031655114,0.15160705,0.09628906,231,143,1790938820.189684,0.006676428,1667.571871762
0.0003,0.50057685,0.7817402,0.2,1.9227586,238592.0,-1.4522456,-0.0013439008,0.17386928,0.10595703,232,143,1790938827.324512,0.0046820827,1672.57264649
0.0003,0.50224555,0.7801043,0.2,1.7058084,239616.0,-1.451369,0.0011209517,1.031423,0.054882813,233,143,1790938834.414626,0.008145129,1682.57399524
0.0003,0.49624038,0.79966986,0.2,1.6966635,240640.0,-1.4453415,0.0002160954,0.08637692,0.026660156,234,143,1790938841.5618029,0.0019788744,1687.575685457
0.0003,0.49582118,0.81232774,0.2,1.7157159,242688.0,-1.430681,0.0007364675,0.070256315,0.08203125,236,143,1790938855.7911317,0.014669722,1702.582075921
0.0003,0.49865818,0.8099389,0.2,1.6390334,244736.0,-1.4343386,0.0033172572,0.6737677,0.08554687,238,143,1790938870.038665,0.00412916,1717.586732575
0.0003,0.49791294,0.91168094,0.2,0.5350438,246784.0,-1.4247148,0.0029929504,0.016813938,0.041992188,240,143,1790938884.2071815,0.0022821822,1727.589191623
0.0003,0.49432695,0.7891442,0.2,1.8401434,247808.0,-1.4268425,0.0004776806,0.18265799,0.014941406,241,143,1790938891.357807,0.0012080411,1737.589983905
0.0003,0.49397364,0.78974396,0.2,2.3764505,248832.0,-1.4191405,-0.00034433714,0.5695808,0.04472656,242,143,1790938898.5134535,0.0040523056,1742.591484036
0.0003,0.49596775,0.80010027,0.2,1.4278282,250880.0,-1.418008,0.0033714043,2.3208103,0.07314453,244,143,1790938912.833615,0.0023496584,1757.594772641
0.0003,0.4983046,0.7776016,0.2,1.8652686,252928.0,-1.4307071,-0.0015047182,0.8779419,0.024804687,246,143,1790938927.042706,0.0048364745,1772.598382624
0.0003,0.49901387,0.7992407,0.2,2.208271,253952.0,-1.4339868,-0.0024558182,0.23480846,0.031640626,247,143,1790938934.1919568,0.0035322353,1777.599346213
0.0003,0.4976026,0.79658294,0.2,1.9146935,254976.0,-1.4318817,0.0028843922,1.6918621,0.051074218,248,143,1790938941.3500946,0.014016995,1787.601348547
0.0003,0.49552232,0.7925918,0.2,1.8671626,258048.0,-1.4203413,-0.00017752478,0.19338188,0.029003907,251,143,1790938962.7364957,0.004149772,1807.60604778
0.0003,0.4973502,0.7460697,0.2,2.3333127,262144.0,-1.4163133,0.0001090473,2.9847102,0.023144532,255,143,1790938991.2177877,0.0027421736,1837.61506531
0.0003,0.49954915,0.8052952,0.2,1.7724421,264192.0,-1.438029,-0.0021923252,0.6120779,0.06777344,257,143,1790939005.4685442,0.005645286,1852.618103736
0.0003,0.49883687,0.76649714,0.2,2.7775285,266240.0,-1.4335448,-0.0037187955,0.7379168,0.08173828,259,143,1790939019.8194413,0.005824546,1867.621238841
0.0003,0.49811143,0.75375795,0.2,2.6935847,267264.0,-1.4327449,-0.00080019794,1.0998973,0.072753906,260,143,1790939027.0001903,0.0077098873,1872.622907274
0.0003,0.4964179,0.7950293,0.2,2.2929616,268288.0,-1.4258306,0.00011931833,0.6939685,0.04501953,261,143,1790939034.1215284,0.0048865518,1877.624338793
0.0003,0.48276955,0.7635061,0.2,2.1004505,271360.0,-1.3827924,0.0021391865,0.18463577,0.09667969,264,143,1790939055.522917,0.008490521,1902.631154047
0.0003,0.48362702,0.85259116,0.2,0.8926096,272384.0,-1.3737835,-0.00024180084,0.030196846,0.093847655,265,143,1790939062.6582935,0.01027051,1907.632607666
0.0003,0.48103723,0.818665,0.2,1.4994229,274432.0,-1.3692333,-0.005475504,0.029771596,0.04941406,267,143,1790939076.9182029,0.0054832553,1922.636356941
0.0003,0.48220536,0.8164135,0.2,1.8273823,275456.0,-1.3703077,-0.0002001893,0.7679393,0.045703124,268,143,1790939084.093677,0.004193169,1927.637859257
0.0003,0.4874398,0.7777522,0.2,1.61755,276480.0,-1.381684,0.0024327259,0.017061345,0.0881836,269,143,1790939091.2048535,0.009281017,1937.639664453
0.0003,0.48653972,0.78484637,0.2,1.8825132,277504.0,-1.3918937,-0.0016992784,0.8182819,0.06962891,270,143,1790939098.381742,0.006946114,1942.640801607
0.0003,0.48386857,0.79473746,0.2,1.9402572,279552.0,-1.3792175,-0.004127871,0.56712365,0.050390624,272,143,1790939112.522703,0.006305244,1957.642944428
0.0003,0.4856647,0.808572,0.2,1.5038854,280576.0,-1.3846389,-0.0022974035,0.21252948,0.07050781,273,143,1790939119.6629891,0.004644075,1967.644086569
0.0003,0.48718446,0.81308544,0.2,1.6837131,281600.0,-1.3908405,0.0005476211,0.5217647,0.025390625,274,143,1790939126.8083968,0.0037548284,1972.645770953
0.0003,0.48906243,0.8730216,0.2,0.84364504,286720.0,-1.4026899,-0.00060013233,0.38264176,0.07333984,279,143,1790939162.4595246,0.010286218,2007.653856024
0.0003,0.48421165,0.82271016,0.2,2.0951798,289792.0,-1.3822418,-0.003415888,2.2189574,0.028320312,282,143,1790939183.8091183,0.0056005563,2027.659117298
0.0003,0.4817165,0.79456115,0.2,1.3627865,290816.0,-1.3743514,-0.0003739093,0.95512694,0.063769534,283,143,1790939190.9253001,0.011498902,2037.660411837
0.0003,0.483164,0.81311667,0.2,1.3663741,292864.0,-1.3680229,-0.003042905,0.041192345,0.08154297,285,143,1790939205.1584828,0.0076446133,2052.663007415
0.0003,0.47537518,0.81250316,0.2,1.6237156,296960.0,-1.3481865,-0.0015802915,0.6131171,0.038378906,289,143,1790939233.6937366,0.005779369,2077.669743324
0.0003,0.4698235,0.8169998,0.2,1.6622748,297984.0,-1.3284467,0.003027028,0.4939119,0.080078125,290,143,1790939240.8124006,0.008019796,2087.671866268
0.0003,0.46941695,0.81134564,0.2,1.8009267,299008.0,-1.3155185,-9.0900714e-05,0.7115209,0.0625,291,143,1790939247.9721427,0.007333139,2092.673393057
0.0003,0.46699184,0.8162282,0.2,1.4738615,300032.0,-1.3096386,-0.0007580863,0.2615406,0.050878905,292,143,1790939255.0978456,0.0065719625,2102.676084987
0.0003,0.4621245,0.7417908,0.2,1.9100631,301056.0,-1.2931895,0.0007687559,0.059781555,0.06435547,293,143,1790939262.239543,0.006207167,2107.677522986
0.0003,0.45559984,0.8302818,0.2,1.2063341,307200.0,-1.2544389,-0.0010548366,1.3323246,0.101660155,299,143,1790939304.9298956,0.010277789,2152.689705806
0.0003,0.44883245,0.77020615,0.2,2.145958,310272.0,-1.2307867,-0.0007575624,1.15757,0.03955078,302,143,1790939326.1908915,0.004741675,2172.694644891
0.0003,0.44514254,0.76400286,0.2,2.6069343,312320.0,-1.2066095,5.222263e-05,0.7736363,0.06279297,304,143,1790939340.4014487,0.009430265,2187.697547644
0.0003,0.44606847,0.8137719,0.2,1.6767428,313344.0,-1.209772,-0.0034903036,0.84601915,0.047949217,305,143,1790939347.52981,0.0072442815,2192.698477728
0.0003,0.44862407,0.7871912,0.2,2.0601184,317440.0,-1.2138476,-0.0023819357,2.1187506,0.035351563,309,143,1790939376.003997,0.0024556965,2222.705474278
0.0003,0.44914955,0.79350793,0.2,1.9577398,318464.0,-1.2256697,-0.0050134123,2.0963366,0.09970703,310,143,1790939383.1107283,0.01595715,2227.706932018
0.0003,0.45090967,0.82026505,0.2,1.7731702,319488.0,-1.2317797,-0.000426665,0.36804953,0.038378906,311,143,1790939390.299728,0.0069097104,2237.709353271
0.0003,0.4506113,0.7909423,0.2,1.7981447,321536.0,-1.2408031,0.004044975,1.1051735,0.0828125,313,143,1790939404.5438645,0.0045433193,2252.711183485
0.0003,0.45150405,0.7932005,0.2,1.9953538,323584.0,-1.2423551,-0.0047841314,0.68852913,0.08300781,315,143,1790939418.7668705,0.00670774,2262.713666056
0.0003,0.45160702,0.7976133,0.2,1.8081582,324608.0,-1.2420565,-0.0046900446,0.5744035,0.077539064,316,143,1790939425.8967032,0.0072821165,2272.716306476
0.0003,0.4495157,0.8085779,0.2,1.6578536,326656.0,-1.2352067,-0.005094514,3.3637397,0.1046875,318,143,1790939440.2052672,0.009479979,2287.719159866
0.0003,0.45174366,0.79483855,0.2,1.9263017,328704.0,-1.2357758,0.001757099,1.6680522,0.08935547,320,143,1790939454.397713,0.008099007,2297.721852784
0.0003,0.4482121,0.83324844,0.2,1.4012824,329728.0,-1.2376559,-0.0023474363,0.16646898,0.11220703,321,143,1790939461.52089,0.008030106,2307.724127945
0.0003,0.44813874,0.7699151,0.2,2.3994246,330752.0,-1.2276667,0.00046849053,4.6988015,0.06035156,322,143,1790939468.7064536,0.0039519216,2312.72553169
0.0003,0.44705045,0.85796064,0.2,1.1975834,332800.0,-1.2210624,0.0019284417,0.08055881,0.11044922,324,143,1790939482.9629197,0.005210907,2327.72959808
0.0003,0.4450593,0.7944603,0.2,1.785842,333824.0,-1.2162915,-0.0014835023,0.5855253,0.04824219,325,143,1790939490.0859256,0.0015374251,2337.731958127
0.0003,0.44523725,0.81357527,0.2,1.9519513,335872.0,-1.209853,-0.0034761038,0.12709972,0.12138672,327,143,1790939504.2940676,0.008663298,2347.734695357
0.0003,0.44438046,0.8249071,0.2,1.5191557,336896.0,-1.2097182,-0.0035013522,0.74750984,0.10253906,328,143,1790939511.4069471,0.0037532754,2357.736075115
0.0003,0.44767147,0.76993096,0.2,2.7391396,338944.0,-1.20998,0.0044518635,0.095324285,0.13212891,330,143,1790939525.5726082,0.010519901,2372.738514507
0.0003,0.4456132,0.76443356,0.2,2.0518515,340992.0,-1.216778,-0.0018318214,0.39391696,0.10390625,332,143,1790939539.8658247,0.0068445103,2387.74279687
0.0003,0.44541585,0.80604494,0.2,2.036691,342016.0,-1.2151791,-0.0017694661,0.8843938,0.047949217,333,143,1790939546.974075,0.0033500928,2392.7444788
0.0003,0.43998015,0.7963564,0.2,1.5537807,346112.0,-1.1911713,-0.0056533283,1.3698287,0.10898437,337,143,1790939575.5948434,0.0071703736,2422.751706607
0.0003,0.43365282,0.7873229,0.2,2.1205902,349184.0,-1.1612335,0.0002613797,0.2469288,0.1203125,340,143,1790939596.964024,0.008404097,2442.7566995
0.0003,0.43421546,0.79753083,0.2,1.8378953,350208.0,-1.1649312,-0.002396843,0.5828435,0.07167969,341,143,1790939604.1398733,0.0067132674,2447.757577969
0.0003,0.4306569,0.7959266,0.2,1.8003687,352256.0,-1.151433,-0.0036537147,0.59341913,0.092285156,343,143,1790939618.359025,0.0054348996,2462.760484708
0.0003,0.4329219,0.8195294,0.2,1.208001,353280.0,-1.1560858,-0.0005929387,0.13298726,0.1319336,344,143,1790939625.4267058,0.020416364,2472.762503767
0.0003,0.43045008,0.84228134,0.2,1.1327761,355328.0,-1.1520913,-0.0053399093,0.4861844,0.1428711,346,143,1790939639.700843,0.011151214,2487.766044993
0.0003,0.42328405,0.7838997,0.2,2.0394893,361472.0,-1.1151264,-0.0037728231,1.6432365,0.059472658,352,143,1790939682.5488944,0.0043686056,2527.775886516
0.0003,0.42786306,0.6920138,0.2,3.6345537,362496.0,-1.1237148,-0.0028129905,0.37855306,0.08574219,353,143,1790939689.6658003,0.0108812805,2537.77837186
0.0003,0.42666972,0.8103682,0.2,1.4559914,363520.0,-1.1288599,-0.0016600062,0.079806015,0.083496094,354,143,1790939696.7667952,0.013284523,2542.779401802
0.0003,0.4214913,0.7581079,0.2,2.928817,366592.0,-1.1032505,0.0012077573,1.2027563,0.091992185,357,143,1790939718.138719,0.021656938,2562.785305682
0.0003,0.4229213,0.77919054,0.2,2.31509,367616.0,-1.104565,-0.0031555865,0.1373891,0.08642578,358,143,1790939725.2720542,0.008550763,2572.787115178
0.0003,0.4212771,0.7953061,0.2,1.7450634,368640.0,-1.1055464,0.00050726143,0.13323927,0.08662109,359,143,1790939732.3793726,0.00569133,2577.788613435
0.0003,0.4221449,0.83929825,0.2,1.1982769,371712.0,-1.1041209,-0.0015759085,0.12792322,0.050097656,362,143,1790939753.7833147,0.0046183653,2597.792311976
0.0003,0.41976392,0.8097185,0.2,1.4894266,373760.0,-1.0947769,0.0009505636,3.2141924,0.08095703,364,143,1790939768.0076928,0.010419231,2612.794969352
0.0003,0.41866565,0.830615,0.2,1.279887,374784.0,-1.0877193,-0.0021231186,0.32561442,0.04814453,365,143,1790939775.2126274,0.0022664177,2622.797089543
0.0003,0.42073524,0.7933044,0.2,1.657904,375808.0,-1.089727,-0.0007816824,1.5466536,0.033984374,366,143,1790939782.3217473,0.003576281,2627.798809802
0.0003,0.41780627,0.7574987,0.2,2.738461,378880.0,-1.0838428,-0.001177977,2.2356327,0.070214845,369,143,1790939803.66492,0.012796668,2647.802807578
0.0003,0.41608292,0.81137335,0.2,1.5456533,379904.0,-1.0774146,0.0024726302,0.2610424,0.092285156,370,143,1790939810.7809577,0.0059490297,2657.804603475
0.0003,0.41859952,0.7851359,0.2,2.2666304,380928.0,-1.0786047,-0.00063424517,0.8299785,0.054394532,371,143,1790939817.8999748,0.00449848,2662.805882206
0.0003,0.4136312,0.7490406,0.2,1.9694248,382976.0,-1.0820625,0.0010508393,0.14071076,0.1234375,373,143,1790939832.2038674,0.015143866,2677.808544095
0.0003,0.41038546,0.69150585,0.2,3.488291,385024.0,-1.0421909,-0.0041633495,14.781616,0.07714844,375,143,1790939846.5324266,0.006810841,2692.811624039
0.0003,0.4116059,0.78260434,0.2,2.301788,386048.0,-1.0506675,-0.0012866257,0.23703027,0.09677734,376,143,1790939853.6363914,0.010473502,2697.813163139
0.0003,0.4144456,0.76997995,0.2,2.562125,390144.0,-1.0608215,-0.0014302231,0.6186657,0.07197265,380,143,1790939882.2864697,0.00792918,2727.820805221
0.0003,0.4189917,0.7737807,0.2,2.7181962,391168.0,-1.0771966,-0.0009839891,2.901672,0.07382812,381,143,1790939889.3957353,0.0044817496,2732.82240711
0.0003,0.41760933,0.8078114,0.2,1.8021219,393216.0,-1.0866355,-0.0028432584,0.14406103,0.061328124,383,143,1790939903.6184728,0.0046089604,2747.825942753
0.0003,0.43057093,0.8665235,0.2,1.0112736,399360.0,-1.131631,0.0022738841,1.4574183,0.18925782,389,143,1790939946.5242388,0.012168163,2792.837347984
0.0003,0.43122345,0.8385858,0.2,1.2088706,400384.0,-1.1415433,-0.0015544271,0.2072496,0.026464844,390,143,1790939953.716657,0.0042003095,2797.838071118
0.0003,0.42816246,0.7436955,0.2,2.631696,402432.0,-1.1322107,0.00025737262,1.1015483,0.07675781,392,143,1790939967.9514635,0.009394674,2812.840656817
0.0003,0.423546,0.82181567,0.2,1.4272109,406528.0,-1.1078309,-0.0033225901,0.360496,0.04501953,396,143,1790939996.68105,0.0053211506,2842.847911958
0.0003,0.42336383,0.80176395,0.2,1.998386,407552.0,-1.1074312,0.0026048052,0.40880448,0.09335937,397,143,1790940003.8044667,0.0042558806,2847.848848324
0.0003,0.4220888,0.7231052,0.2,2.7806904,408576.0,-1.1049236,-0.0021746873,0.4879979,0.09267578,398,143,1790940010.8978443,0.006562978,2857.850447027
0.0003,0.4251589,0.8051562,0.2,2.222047,409600.0,-1.1094114,-0.0033655176,2.7189436,0.07714844,399,143,1790940018.0034006,0.0051502874,2862.851597771
0.0003,0.42482722,0.8219636,0.2,1.4948308,411648.0,-1.1087971,-0.0019095031,1.0510062,0.101464845,401,143,1790940032.2547565,0.009162677,2877.854657002
0.0003,0.427174,0.75563115,0.2,2.7857323,413696.0,-1.1200916,0.0012907402,0.5051185,0.09375,403,143,1790940046.615974,0.009153778,2892.85908766
0.0003,0.42727333,0.76097274,0.2,2.4297032,414720.0,-1.126941,-0.0023098923,0.17315395,0.07910156,404,143,1790940053.7987237,0.007670733,2897.860400811
0.0003,0.43289655,0.8155597,0.2,1.6099293,415744.0,-1.1404538,0.00082342245,0.11738515,0.06865235,405,143,1790940060.9171226,0.0037543182,2907.862588143
0.0003,0.4303248,0.76907355,0.2,2.3455915,416768.0,-1.14755,0.0019481835,0.6486316,0.0828125,406,143,1790940068.0271826,0.007401106,2912.864276018
0.0003,0.42941403,0.7160901,0.2,3.3271253,417792.0,-1.1376332,0.00090841186,1.1579105,0.057519533,407,143,1790940075.1473558,0.007915823,2922.865487358
0.0003,0.42615104,0.79069483,0.2,1.875172,418816.0,-1.1302588,0.0006287695,0.915308,0.10908203,408,143,1790940082.2994254,0.011757789,2927.867244672
0.0003,0.4253508,0.71976924,0.2,2.83249,420864.0,-1.1184881,0.0017033363,0.37238872,0.059179686,410,143,1790940096.509653,0.0018859673,2942.870742281
0.0003,0.41627067,0.7334626,0.2,3.5200338,423936.0,-1.0757471,-0.0030597912,0.71203345,0.109375,413,143,1790940117.9836001,0.009356005,2962.87666635
0.0003,0.40654904,0.7399372,0.2,2.3117914,432128.0,-1.0225856,-0.0036096128,1.8027838,0.08046875,421,143,1790940175.29499,0.0034478419,3022.889491951
0.0003,0.40411273,0.8005292,0.2,1.5686553,433152.0,-1.0240829,0.0017108218,1.0509024,0.10625,422,143,1790940182.4849315,0.0076286774,3027.891061008
0.0003,0.40678862,0.80071896,0.2,1.6561693,434176.0,-1.0247251,0.00028481003,0.24960217,0.14716797,423,143,1790940189.6935115,0.009199678,3037.893244371
0.0003,0.40771747,0.8348081,0.2,1.3474694,435200.0,-1.0328082,0.0028583421,1.1298088,0.1274414,424,143,1790940196.8837745,0.011128698,3042.894547994
0.0003,0.40980104,0.7456723,0.2,2.3176327,436224.0,-1.0405619,0.0028409087,0.22154519,0.10019531,425,143,1790940204.0876644,0.0058728233,3047.895502413
0.0003,0.40841872,0.76320463,0.2,2.1323042,439296.0,-1.0401617,0.00011684309,0.21770772,0.13310547,428,143,1790940225.4757483,0.012396319,3072.901210041
0.0003,0.40826553,0.8106199,0.2,1.5430193,440320.0,-1.040817,0.0002765406,0.5500997,0.09091797,429,143,1790940232.632009,0.011418037,3077.902712693
0.0003,0.40660077,0.7519733,0.2,2.5469038,441344.0,-1.0373596,0.00035826457,0.81211054,0.07832031,430,143,1790940239.7948716,0.0060401605,3087.905039262
0.0003,0.40391707,0.82000315,0.2,1.1363108,442368.0,-1.0268213,0.0004198463,0.08886405,0.10644531,431,143,1790940246.937081,0.02579811,3092.906746844
0.0003,0.40440655,0.8032172,0.2,1.627378,443392.0,-1.0216647,-0.0014116883,0.14472751,0.14453125,432,143,1790940254.049458,0.008165278,3097.908517667
0.0003,0.40382057,0.77092314,0.2,2.0084467,445440.0,-1.0240576,0.0008455884,0.158861,0.09863281,434,143,1790940268.3792524,0.0075814202,3112.911989981
0.0003,0.401629,0.8085213,0.2,1.8186158,446464.0,-1.016585,0.00029800547,0.3647152,0.12246094,435,143,1790940275.5569003,0.018736513,3122.914434133
0.0003,0.40144074,0.8189884,0.2,1.3797477,449536.0,-1.0081989,-0.0013355647,0.613447,0.066308595,438,143,1790940297.1436784,0.008330481,3142.920557887
0.0003,0.40399092,0.77341676,0.2,2.2203481,451584.0,-1.0208915,-0.0016975988,0.9622123,0.1038086,440,143,1790940311.396743,0.009818077,3157.923528753
0.0003,0.40050864,0.73662937,0.2,2.8134646,452608.0,-1.0160743,-0.00040097654,0.890374,0.12070312,441,143,1790940318.5242276,0.006548674,3162.924973692
0.0003,0.3973827,0.74993587,0.2,2.8241096,453632.0,-0.997207,0.00015350353,1.0796417,0.06601562,442,143,1790940325.7008545,0.006084188,3172.926758525
0.0003,0.3965851,0.74202067,0.2,2.478674,454656.0,-0.98771495,0.00088177854,0.5940009,0.08916016,443,143,1790940332.8726811,0.0051750233,3177.928497178
0.0003,0.39326528,0.80422413,0.2,1.4566562,455680.0,-0.9782401,-0.000545373,0.19903897,0.097558595,444,143,1790940340.0118625,0.007884222,3187.931316965
0.0003,0.38728622,0.759508,0.2,2.5641708,458752.0,-0.9344302,0.0018657879,0.97636163,0.08798828,447,143,1790940361.4622543,0.0059781875,3207.936544387
0.0003,0.38975123,0.7475212,0.2,2.143734,459776.0,-0.94680095,-0.0025813484,0.29214257,0.13671875,448,143,1790940368.6172657,0.016200121,3212.937708879
0.0003,0.38989657,0.8121406,0.2,1.4084451,461824.0,-0.95479244,0.0005817322,1.0421841,0.070410155,450,143,1790940382.8833141,0.0075189443,3227.941583787
0.0003,0.37800428,0.82045555,0.2,1.5296046,466944.0,-0.8959649,-0.0007296835,0.76671785,0.10898437,455,143,1790940418.6880422,0.00914447,3262.948556951
0.0003,0.37426198,0.80103445,0.2,2.167397,467968.0,-0.88004065,0.0033938105,0.18724321,0.115625,456,143,1790940425.8754408,0.0152503345,3272.950627058
0.0003,0.36871368,0.79261625,0.2,2.2068114,468992.0,-0.85411316,0.0018341613,0.61515987,0.062207032,457,143,1790940433.0342634,0.0032515884,3277.952419607
0.0003,0.3700323,0.7490406,0.2,3.030163,470016.0,-0.84160304,0.0033636054,9.508022,0.08671875,458,143,1790940440.1169107,0.003770134,3287.953729349
0.0003,0.36886132,0.7069551,0.2,2.9847958,471040.0,-0.84112096,0.0037346205,0.13579956,0.10703125,459,143,1790940447.2354357,0.0074041653,3292.95516362
0.0003,0.36781287,0.8349079,0.2,1.315624,476160.0,-0.8410637,0.0043940037,0.3378536,0.14912109,464,143,1790940482.9913533,0.00685413,3327.964504169
0.0003,0.35744464,0.775048,0.2,1.961111,479232.0,-0.777692,0.001309417,1.3728598,0.08496094,467,143,1790940504.3329265,0.007754221,3347.968240525
0.0003,0.35890877,0.8540931,0.2,0.91279274,482304.0,-0.77687734,0.012480439,0.23220763,0.12851563,470,143,1790940525.715207,0.0068810843,3372.973388522
0.0003,0.35891524,0.808055,0.2,1.5503212,483328.0,-0.78323346,-0.0032363727,0.52323943,0.13359375,471,143,1790940532.8389153,0.0054098847,3377.975103368
0.0003,0.35691172,0.8286671,0.2,1.3486136,484352.0,-0.7788652,-0.0023152577,0.48844513,0.09091797,472,143,1790940539.9585655,0.007428703,3387.977217808
0.0003,0.35402995,0.82542896,0.2,1.3132166,486400.0,-0.75953007,0.0034223534,0.8900471,0.12011719,474,143,1790940554.2197483,0.019143764,3397.979713546
0.0003,0.3523835,0.86722696,0.2,0.7723821,488448.0,-0.74792933,0.0049579786,0.08308089,0.18232422,476,143,1790940568.8029392,0.01759596,3412.983031294
0.0003,0.35282636,0.82441294,0.2,1.5055045,491520.0,-0.7503616,-0.0049466565,0.64077085,0.1453125,479,143,1790940590.1972516,0.014899099,3437.988289016
0.0003,0.35501182,0.8253692,0.2,1.4812604,493568.0,-0.75793856,0.0023572724,1.3360797,0.09541015,481,143,1790940604.4923599,0.0132233575,3447.991604105
0.0003,0.35816067,0.78718865,0.2,1.9080355,497664.0,-0.7789162,-0.00063835946,2.5655525,0.10830078,485,143,1790940633.0512342,0.024212679,3477.99749161
0.0003,0.35435712,0.751027,0.2,2.7162752,500736.0,-0.76355064,0.006202682,0.7009456,0.07705078,488,143,1790940654.4168277,0.009028936,3498.002673725
0.0003,0.3503092,0.7317524,0.2,2.6026938,502784.0,-0.7489827,-0.0005384713,0.92311615,0.06777344,490,143,1790940668.79982,0.007920185,3513.007058577
0.0003,0.34518063,0.85915434,0.2,0.94775176,504832.0,-0.7232889,0.0028076218,0.032762952,0.12402344,492,143,1790940683.2867103,0.012596507,3528.010608115
0.0003,0.34385246,0.71108794,0.2,3.5891988,505856.0,-0.7053915,0.0038745978,0.53744125,0.07919922,493,143,1790940690.5885282,0.006768113,3538.01253919
0.0003,0.3429554,0.76586235,0.2,2.16329,507904.0,-0.7020016,-0.001071149,0.07397345,0.086523436,495,143,1790940705.1670403,0.009520315,3553.015174798
0.0003,0.34141833,0.8245046,0.2,1.4160595,509952.0,-0.6938682,0.0027344686,0.60624135,0.12568359,497,143,1790940719.7323532,0.011360841,3568.017872286
0.0003,0.34190482,0.8152523,0.2,1.4142053,513024.0,-0.68963456,0.00013827944,2.541917,0.06035156,500,143,1790940741.547945,0.010069705,3588.022883117
0.0003,0.34155723,0.7230526,0.2,3.040264,514048.0,-0.6906124,0.0030323523,1.4484926,0.125,501,143,1790940748.8361838,0.030795379,3593.023912292
0.0003,0.34372237,0.76242125,0.2,2.718177,516096.0,-0.70669526,0.0018624123,1.1663241,0.11123047,503,143,1790940763.4503298,0.015019775,3608.027454733
0.0003,0.34365427,0.7996136,0.2,1.4244325,520192.0,-0.6957331,0.00827987,0.2087487,0.13349609,507,143,1790940792.5973918,0.00791056,3638.033690072
0.0003,0.343925,0.8138418,0.2,1.4207345,521216.0,-0.7012888,0.018282944,0.38895682,0.17138672,508,143,1790940799.9053352,0.01797255,3648.035232173
0.0003,0.34594053,0.76207817,0.2,1.7782933,522240.0,-0.70932037,0.0012388524,0.5864529,0.088085935,509,143,1790940807.1859138,0.007599098,3653.035982127
0.0003,0.3439164,0.82374597,0.2,1.2217008,523264.0,-0.70909625,0.0046979585,0.36722827,0.08955078,510,143,1790940814.438234,0.013313763,3658.037126709
0.0003,0.34106898,0.8037872,0.2,1.311466,524288.0,-0.6930996,0.0010365971,0.029300906,0.06621094,511,143,1790940821.6986992,0.003437797,3668.039007402
0.0003,0.33956903,0.5476005,0.2,6.529205,529408.0,-0.67805314,-0.001731307,1.4239993,0.07441406,516,143,1790940858.0862203,0.0051385043,3703.048122711
0.0003,0.33405295,0.7947349,0.2,1.7852925,531456.0,-0.64734304,-0.0023181057,0.65020454,0.08779297,518,143,1790940872.6355767,0.00913471,3718.051944906
0.0003,0.33693257,0.68551207,0.2,2.9446127,532480.0,-0.65138257,0.003561333,0.10381468,0.093652345,519,143,1790940879.9354758,0.0106355185,3728.053895922
0.0003,0.33233207,0.68294775,0.2,3.596964,535552.0,-0.63011014,0.0025513854,0.7964828,0.083496094,522,143,1790940901.8249364,0.0068742856,3748.058737438
0.0003,0.33216244,0.7021829,0.2,3.4165936,536576.0,-0.63455486,0.005625591,0.07773829,0.094335936,523,143,1790940908.9978511,0.02025328,3753.060386856
0.0003,0.33049262,0.7655051,0.2,2.1555839,537600.0,-0.62464017,0.0011539869,2.570889,0.08427735,524,143,1790940916.1990438,0.0045799976,3763.062734592
0.0003,0.32991046,0.70438266,0.2,2.905747,538624.0,-0.6210848,0.004223014,1.0393368,0.14130859,525,143,1790940923.4667208,0.0077625033,3768.063803877
0.0003,0.32954484,0.7519131,0.2,2.4317627,539648.0,-0.61825305,-0.0035392896,0.67787373,0.096191406,526,143,1790940930.7449422,0.009591,3778.06597458
0.0003,0.32684222,0.7834083,0.2,2.1382895,540672.0,-0.6083387,0.0020171658,0.19068728,0.1283203,527,143,1790940938.0443912,0.009697257,3783.067578599
0.0003,0.3289463,0.75930434,0.2,2.413471,541696.0,-0.6056706,0.0006839336,0.2859978,0.1227539,528,143,1790940945.3394997,0.013016725,3793.069245677
0.0003,0.32967907,0.8323373,0.2,1.2840838,544768.0,-0.6095327,0.0034709559,0.06143665,0.10888672,531,143,1790940966.7560039,0.010203538,3813.075282754
0.0003,0.32980886,0.74415445,0.2,2.4679506,546816.0,-0.62223506,0.0018296458,0.333238,0.14902344,533,143,1790940981.018807,0.13804433,3828.080513445
0.0003,0.3313294,0.6706453,0.2,3.7601707,547840.0,-0.6232141,0.0022989758,0.40908694,0.091113284,534,143,1790940988.0589373,0.010939678,3833.08168232
0.0003,0.33111292,0.7041544,0.2,3.0448718,548864.0,-0.6285978,0.0028894506,1.0528971,0.16064453,535,143,1790940995.2471952,0.03630008,3843.083744762
0.0003,0.32625735,0.7349871,0.2,2.6782217,555008.0,-0.60089356,0.0031715718,0.44174567,0.07197265,541,143,1790941037.9656434,0.011353341,3883.093377839
0.0003,0.32845384,0.7970644,0.2,1.3989087,557056.0,-0.6050995,-0.0012966566,0.70679235,0.1451172,543,143,1790941052.1976933,0.011335053,3898.096984674
0.0003,0.32583988,0.7251892,0.2,2.4078455,558080.0,-0.60239244,0.0021454215,0.4118412,0.04501953,544,143,1790941059.301957,0.0067655174,3903.098191011
0.0003,0.3273316,0.74116015,0.2,2.2628622,560128.0,-0.6040454,0.0021019964,0.73992634,0.08242188,546,143,1790941073.535047,0.008508212,3918.101223788
0.0003,0.32664406,0.65322894,0.2,3.7893004,561152.0,-0.6025645,0.0013267549,0.4097433,0.068554685,547,143,1790941080.6514633,0.007259758,3928.103274453
0.0003,0.3223287,0.6931137,0.2,2.9629123,562176.0,-0.5866084,-0.0016087159,0.6464836,0.1796875,548,143,1790941087.7060747,0.011314494,3933.105197776
0.0003,0.32266456,0.85322094,0.2,1.0256584,564224.0,-0.5770751,0.0010962923,1.307398,0.12021484,550,143,1790941101.9609525,0.0070565976,3948.108835815
0.0003,0.32228145,0.8249264,0.2,1.188627,566272.0,-0.57926595,0.0047707628,0.36229557,0.115625,552,143,1790941116.235235,0.021245556,3963.112750114
0.0003,0.32626784,0.7227254,0.2,2.7659345,572416.0,-0.5992811,0.0022530756,2.127799,0.11806641,558,143,1790941158.8704112,0.035960957,4003.122198653
0.0003,0.32413808,0.8076084,0.2,1.508512,574464.0,-0.5856814,-0.0005138335,1.9069631,0.12880859,560,143,1790941172.9074051,0.0075809257,4018.12543484
0.0003,0.32631093,0.76059437,0.2,1.9679328,575488.0,-0.58872175,0.0032888139,0.49518093,0.16826172,561,143,1790941180.0221882,0.032309167,4028.12747856
0.0003,0.32768205,0.655105,0.2,3.4007952,578560.0,-0.61399376,0.0003224944,2.2280471,0.06796875,564,143,1790941201.3799224,0.0072391094,4048.131728902
0.0003,0.32250607,0.71789455,0.2,2.9738474,581632.0,-0.578731,-0.0042432253,0.85361934,0.12919922,567,143,1790941222.8191478,0.012255634,4068.138729423
0.0003,0.3219364,0.8052838,0.2,0.9406215,583680.0,-0.5655151,0.006277952,0.006933232,0.14951172,569,143,1790941237.0506043,0.016582595,4083.141347038
0.0003,0.31762862,0.7245972,0.2,2.5674329,587776.0,-0.54041797,0.0031783078,0.11487474,0.104882814,573,143,1790941265.5093658,0.006798691,4113.146567472
0.0003,0.3163177,0.7458464,0.2,2.8914535,588800.0,-0.54031277,-0.002730605,2.2069504,0.09511719,574,143,1790941272.6311579,0.0068958714,4118.148229245
0.0003,0.31442845,0.7367807,0.2,2.6080015,590848.0,-0.52935505,0.005171404,0.90954,0.12363281,576,143,1790941286.8613596,0.007848605,4133.151838405
0.0003,0.31219488,0.832392,0.2,1.315258,591872.0,-0.51637065,0.0026942482,1.8208535,0.09667969,577,143,1790941293.9832282,0.00576525,4138.153144815
0.0003,0.3119064,0.8282834,0.2,1.2457585,592896.0,-0.5092621,0.0046707527,1.4282119,0.09082031,578,143,1790941301.087261,0.012641244,4148.155435307
0.0003,0.31071562,0.6244447,0.2,3.9628108,594944.0,-0.49821725,0.0015703649,0.78265077,0.1328125,580,143,1790941315.3307197,0.008537848,4163.158498156
0.0003,0.3065185,0.82318246,0.2,1.4537678,596992.0,-0.48347437,-0.0025079998,0.5066246,0.1571289,582,143,1790941329.5935457,0.0138776805,4173.161827738
0.0003,0.3048092,0.7740239,0.2,2.3255177,598016.0,-0.46679676,-0.0017446199,0.9811014,0.0803711,583,143,1790941336.7149029,0.0076211817,4183.163332616
0.0003,0.30795625,0.6918328,0.2,2.9010773,599040.0,-0.4732968,0.009696144,8.582467,0.25722656,584,143,1790941343.8313267,0.018528432,4188.164147835
0.0003,0.30622485,0.8222391,0.2,1.2053058,600064.0,-0.47642085,0.0032161237,0.41256008,0.120507814,585,143,1790941350.950288,0.0074398406,4198.165977743
0.0003,0.3046995,0.8021157,0.2,1.565182,601088.0,-0.46731037,0.004371661,3.6122186,0.10136719,586,143,1790941358.0672412,0.007451305,4203.16719214
0.0003,0.30455726,0.791739,0.2,1.353954,603136.0,-0.4630791,0.0009732166,0.12494674,0.15166016,588,143,1790941372.2958124,0.016456965,4218.169935004
0.0003,0.305201,0.7103182,0.2,3.5847273,604160.0,-0.46246746,0.0012076938,3.6400347,0.04511719,589,143,1790941379.4108188,0.00951836,4223.171543694
0.0003,0.3024029,0.71115446,0.2,2.8936598,606208.0,-0.44647935,0.0025517857,1.4133761,0.09873047,591,143,1790941393.673659,0.0052365502,4238.175729504
0.0003,0.2984439,0.83243805,0.2,1.3454705,609280.0,-0.42568636,0.0075868266,0.05030694,0.18613282,594,143,1790941415.0156083,0.015776034,4258.18172219
0.0003,0.29772222,0.7530293,0.2,2.296736,614400.0,-0.41045222,0.0034820193,4.1612763,0.09345703,599,143,1790941450.4379427,0.019539205,4298.190067309
0.0003,0.29405004,0.86455,0.2,0.78913474,617472.0,-0.39600676,-0.0046703583,0.03980267,0.12070312,602,143,1790941471.8344805,0.009911494,4318.195269456
0.0003,0.29288453,0.73156655,0.2,2.147521,618496.0,-0.38626376,2.1978174e-05,0.21626492,0.09970703,603,143,1790941478.973396,0.010906348,4323.196249318
0.0003,0.29178426,0.76185024,0.2,1.929211,619520.0,-0.37812346,0.0028011187,0.114987075,0.16572265,604,143,1790941486.1283693,0.037791055,4333.19817802
0.0003,0.28595546,0.7802591,0.2,2.4124627,621568.0,-0.34189007,0.0019146246,0.9308113,0.07861328,606,143,1790941500.394721,0.008086325,4348.2015508
0.0003,0.28481388,0.80240554,0.2,1.6122276,623616.0,-0.32549113,0.008955956,1.0527095,0.1772461,608,143,1790941514.5585945,0.09869227,4358.204489279
0.0003,0.28653005,0.730113,0.2,3.9232101,624640.0,-0.33334503,0.00023616494,0.7627843,0.115429685,609,143,1790941521.6711812,0.007815065,4368.206224248
0.0003,0.2845107,0.7182246,0.2,3.9393003,625664.0,-0.3299162,-0.0016818985,0.49302113,0.11240234,610,143,1790941528.7719297,0.007646443,4373.206993891
0.0003,0.28478664,0.84314907,0.2,1.2285573,627712.0,-0.3213823,0.005513467,3.0603979,0.14677735,612,143,1790941543.0215976,0.011278488,4388.21216818
0.0003,0.28834558,0.7208412,0.2,2.211565,628736.0,-0.33714607,0.0025512674,0.5626498,0.13681641,613,143,1790941550.1784103,0.0287522,4398.21414262
0.0003,0.2935163,0.74729264,0.2,2.2658365,631808.0,-0.38240942,0.0017107967,0.22600445,0.0765625,616,143,1790941571.4974961,0.008463243,4418.219814691
0.0003,0.29251778,0.7982757,0.2,1.9629097,633856.0,-0.37763336,0.0030088625,1.2441812,0.06640625,618,143,1790941585.678696,0.009408204,4433.223436507
0.0003,0.292162,0.82578146,0.2,1.0907041,634880.0,-0.3789155,0.0023955756,0.027375598,0.11953125,619,143,1790941592.7427332,0.010823365,4438.224411012
0.0003,0.29161832,0.73481244,0.2,1.995779,635904.0,-0.37316087,0.0030335968,0.07229858,0.11757813,620,143,1790941599.86471,0.02018071,4443.226116723
0.0003,0.29274446,0.8163671,0.2,1.5831176,636928.0,-0.37511596,0.0038736174,0.35771367,0.083789065,621,143,1790941606.9683874,0.011486458,4453.227794682
0.0003,0.29539502,0.8315269,0.2,1.3380632,637952.0,-0.38905585,-0.0018057764,0.28933567,0.088085935,622,143,1790941614.100357,0.01787524,4458.228660945
0.0003,0.2951717,0.8034038,0.2,1.686075,640000.0,-0.3948722,0.0016347057,0.9196346,0.06591797,624,143,1790941628.3001354,0.005918446,4473.233182183
0.0003,0.28801447,0.77437514,0.2,1.9337163,645120.0,-0.35149598,0.0028058756,1.3408946,0.095703125,629,143,1790941663.7022371,0.00828181,4508.241111772
0.0003,0.2882235,0.81293267,0.2,1.5668461,648192.0,-0.34476167,0.00094805344,0.18257552,0.08505859,632,143,1790941684.989902,0.014100233,4528.244925374
0.0003,0.28871354,0.7493548,0.2,2.2393014,649216.0,-0.34638903,0.0055302302,0.07688077,0.1,633,143,1790941692.0581493,0.028621914,4538.246788045
0.0003,0.28772008,0.703038,0.2,3.362187,650240.0,-0.3469101,0.005362475,4.3292522,0.09658203,634,143,1790941699.1495054,0.008103509,4543.247979228
0.0003,0.28751555,0.81925935,0.2,1.6231452,651264.0,-0.34126723,-0.0017874952,7.7318673,0.09882812,635,143,1790941706.2731142,0.014342824,4553.250288058
0.0003,0.2871123,0.81604826,0.2,1.3745316,652288.0,-0.34008837,0.0024147092,0.19525807,0.09511719,636,143,1790941713.410546,0.06589684,4558.251947937
0.0003,0.28834033,0.6975877,0.2,3.3119206,653312.0,-0.34439084,0.003639033,0.855022,0.08662109,637,143,1790941720.4888313,0.01326034,4568.254464728
0.0003,0.2879134,0.7178227,0.2,2.6120117,654336.0,-0.34730095,0.0019891085,0.9158469,0.11416016,638,143,1790941727.6152673,0.014095477,4573.25573818
0.0003,0.28653777,0.77602977,0.2,1.6177316,656384.0,-0.33768156,0.0057372786,0.82866025,0.07841797,640,143,1790941741.8027606,0.00840089,4588.258485843
0.0003,0.2830562,0.863646,0.2,0.9695633,657408.0,-0.3232625,0.0038241062,0.018046737,0.1350586,641,143,1790941748.8669438,0.11269383,4593.259191139
0.0003,0.2850228,0.7236346,0.2,2.623818,659456.0,-0.32784453,0.0076000127,0.20382586,0.08232422,643,143,1790941763.100525,0.0075954245,4608.26219773
0.0003,0.2862149,0.82960397,0.2,1.2666639,661504.0,-0.32980007,0.0013760441,0.39237088,0.08886719,645,143,1790941777.3191106,0.012629146,4623.265198155
0.0003,0.28936103,0.7279229,0.2,3.0350745,663552.0,-0.34917203,0.0004102446,0.99628484,0.046484374,647,143,1790941791.5589492,0.0031031533,4638.268579716
0.0003,0.2843929,0.7708478,0.2,1.8212026,665600.0,-0.32939672,0.018677725,0.67585,0.095703125,649,143,1790941805.4044878,0.007316125,4653.271743214
0.0003,0.28471908,0.791606,0.2,2.0981648,666624.0,-0.32375747,0.0017898709,0.8338298,0.07539062,650,143,1790941812.4935167,0.009216731,4658.273102448
0.0003,0.2861406,0.7171711,0.2,2.967674,667648.0,-0.3300475,-3.7494115e-06,0.13964474,0.12714843,651,143,1790941819.6259966,0.022416469,4663.274343933
0.0003,0.28292844,0.7625531,0.2,2.0684023,669696.0,-0.3189454,0.0018301556,2.0497057,0.12636718,653,143,1790941833.839434,0.0100307595,4678.277836973
0.0003,0.28085792,0.84658253,0.2,1.1823565,671744.0,-0.30395117,0.008134031,0.054244585,0.10546875,655,143,1790941848.0150294,0.011357622,4693.28294223
0.0003,0.2832749,0.8120302,0.2,1.5259764,673792.0,-0.31432715,0.00016482979,0.7822597,0.1390625,657,143,1790941862.221051,0.022391755,4708.286024976
0.0003,0.28219897,0.81349874,0.2,1.5559185,675840.0,-0.30825207,0.0029480024,0.6658235,0.10732422,659,143,1790941876.4622035,0.01208859,4723.290740736
0.0003,0.28200114,0.8696041,0.2,0.8882628,676864.0,-0.30559632,0.0010287721,1.2986281,0.1609375,660,143,1790941883.5653627,0.020544497,4728.292267471
0.0003,0.2834865,0.7598746,0.2,2.1337752,677888.0,-0.30995035,-0.000420027,0.118279696,0.13769531,661,143,1790941890.665612,0.009241778,4738.293090621
0.0003,0.28249642,0.79103833,0.2,1.6106654,678912.0,-0.31249177,0.0010712094,0.2441025,0.08730469,662,143,1790941897.7611146,0.00807239,4743.29480367
0.0003,0.2824422,0.8162638,0.2,1.3200905,679936.0,-0.3074227,0.0008611326,0.09453739,0.13935547,663,143,1790941904.8689606,0.010678109,4748.296562057
0.0003,0.28264838,0.8114903,0.2,1.6734821,683008.0,-0.30747312,0.004648185,0.6635829,0.078710936,666,143,1790941926.5407715,0.010772871,4773.301576416
0.0003,0.28300202,0.79324216,0.2,2.0036247,684032.0,-0.3081735,-0.005559274,0.32718435,0.12695312,667,143,1790941933.7550833,0.012721166,4778.302773523
0.0003,0.28663665,0.77495074,0.2,1.4315581,686080.0,-0.33578527,0.006805277,0.2341191,0.1258789,669,143,1790941948.2444515,0.015637785,4793.306268914
0.0003,0.28893682,0.771983,0.2,1.5577465,687104.0,-0.33946607,0.013967801,1.2386093,0.2243164,670,143,1790941955.417728,0.030275699,4803.308169455
0.0003,0.2917661,0.6500699,0.2,4.353511,689152.0,-0.35892773,-0.00017840973,0.9898577,0.1015625,672,143,1790941969.9351828,0.0049854033,4813.311436745
0.0003,0.28930283,0.81975186,0.2,1.3422849,691200.0,-0.34602723,-0.0010818805,0.23530331,0.12363281,674,143,1790941984.3830554,0.0131597705,4828.31382227
0.0003,0.283592,0.79095936,0.2,1.5802866,693248.0,-0.31727868,-4.9620656e-05,0.17363212,0.11328125,676,143,1790941998.8348567,0.0049625197,4843.31825166
0.0003,0.27787334,0.73689455,0.2,2.7924838,697344.0,-0.27828005,-0.0009329652,6.2246494,0.12910156,680,143,1790942027.612003,0.010019753,4873.32492
0.0003,0.27807325,0.76284707,0.2,1.6153611,699392.0,-0.27845055,0.0042337463,0.24860518,0.10615234,682,143,1790942041.8193314,0.020589508,4888.327455445
0.0003,0.27371806,0.76150787,0.2,2.8251185,703488.0,-0.2515658,0.0013745846,2.8362842,0.10205078,686,143,1790942070.441734,0.014192004,4918.332547946
0.0003,0.27485418,0.836237,0.2,1.2341754,705536.0,-0.24957862,-0.0018481194,0.083194844,0.13203125,688,143,1790942084.7183313,0.014097627,4928.335306783
0.0003,0.2753001,0.7597656,0.2,2.625247,707584.0,-0.24688782,0.0027552322,0.45385823,0.096191406,690,143,1790942099.0359297,0.018594148,4943.338508836
0.0003,0.274305,0.69888204,0.2,2.8239784,709632.0,-0.24949762,0.0068943966,0.4605326,0.12792969,692,143,1790942113.13009,0.025771007,4958.342128352
0.0003,0.27457616,0.7043693,0.2,3.2735422,710656.0,-0.24255008,0.0010600082,0.21479696,0.12197266,693,143,1790942120.3468027,0.008958472,4968.343877438
0.0003,0.27384752,0.81211543,0.2,1.5035931,712704.0,-0.24012722,0.0018410163,0.98220366,0.06757812,695,143,1790942134.7450628,0.007368856,4978.34660078
0.0003,0.27413434,0.74312294,0.2,3.661173,713728.0,-0.23752947,-0.00092921755,0.44965774,0.10830078,696,143,1790942141.962812,0.028708939,4988.348288502
0.0003,0.27402273,0.70850885,0.2,3.4525623,715776.0,-0.23902903,0.0048585166,0.6470872,0.11689453,698,143,1790942156.3796299,0.0146616865,5003.352387418
0.0003,0.2730354,0.8548118,0.2,0.9553247,717824.0,-0.23345433,0.005875191,0.9243436,0.19462891,700,143,1790942170.8167784,0.31837285,5018.354964587
0.0003,0.27190733,0.82847464,0.2,1.305886,718848.0,-0.22912064,0.0040361704,0.5772688,0.11035156,701,143,1790942178.0285282,0.011997183,5023.356422091
0.0003,0.2690273,0.853907,0.2,1.0558476,720896.0,-0.21172982,0.0004904041,0.06321658,0.13349609,703,143,1790942192.4638689,0.032590263,5038.359247798
0.0003,0.26740858,0.7002578,0.2,2.8030298,721920.0,-0.19960189,0.009635388,0.8643854,0.13144532,704,143,1790942199.649279,0.018254746,5043.360798037
0.0003,0.2656129,0.7396436,0.2,2.2699516,722944.0,-0.18749212,0.0026072038,0.060858462,0.15019532,705,143,1790942206.8475938,0.083432674,5053.362637912
0.0003,0.26499096,0.7830445,0.2,2.0129285,723968.0,-0.18023719,0.008037514,0.22454914,0.09091797,706,143,1790942214.0603693,0.006992692,5058.364406642
0.0003,0.26496613,0.73699427,0.2,2.461679,724992.0,-0.17930713,0.0039561656,5.1081133,0.121679686,707,143,1790942221.275851,0.012927461,5068.369200921
0.0003,0.2646119,0.6977525,0.2,2.465239,727040.0,-0.16762994,0.007972465,0.13018423,0.19716796,709,143,1790942235.7055104,0.014376506,5083.372342733
0.0003,0.26167628,0.736635,0.2,2.8952355,731136.0,-0.15350418,0.0072993347,5.1598797,0.12392578,713,143,1790942264.4514062,0.013938388,5108.377508358
0.0003,0.26248583,0.81805575,0.2,1.6292061,732160.0,-0.14842677,0.009059634,0.29980627,0.14179687,714,143,1790942271.6565604,0.017971832,5118.379453454
0.0003,0.2583445,0.8223293,0.2,1.1546683,733184.0,-0.13472362,0.0011991254,0.08631313,0.12617187,715,143,1790942278.8742552,0.019025354,5123.380742056
0.0003,0.2578885,0.70377886,0.2,3.2915127,735232.0,-0.121786036,0.0044953427,5.0133905,0.04765625,717,143,1790942293.2813253,0.0103373,5138.386789619
0.0003,0.25669688,0.6816982,0.2,3.84201,737280.0,-0.11001034,0.00025746974,6.4395695,0.08642578,719,143,1790942307.681325,0.027850369,5153.389627738
0.0003,0.25318563,0.72892404,0.2,2.3694441,739328.0,-0.0897724,0.009914449,0.28259978,0.111816406,721,143,1790942322.1854923,0.09318161,5168.392394819
0.0003,0.25305068,0.76249975,0.2,2.3986876,740352.0,-0.0814061,0.0036852623,0.9972926,0.07675781,722,143,1790942329.4088094,0.010024081,5173.39410127
0.0003,0.25215888,0.85022527,0.2,1.2092671,741376.0,-0.07800673,0.0005620142,0.26897395,0.13359375,723,143,1790942336.617124,0.016109046,5183.396274974
0.0003,0.25437573,0.86342174,0.2,0.81568855,743424.0,-0.08877034,0.0067598247,0.083781175,0.13984375,725,143,1790942351.0331295,0.33866578,5198.402197498
0.0003,0.2531254,0.60591674,0.2,5.6805353,744448.0,-0.088593274,0.005929929,0.15691058,0.086523436,726,143,1790942358.256531,0.03994104,5203.403230952
0.0003,0.25088048,0.61830974,0.2,4.853704,745472.0,-0.073714636,0.004270755,1.2566074,0.111328125,727,143,1790942365.4668508,0.012793995,5213.405520548
0.0003,0.25125042,0.77457637,0.2,2.0653324,746496.0,-0.06756202,0.006540322,0.512272,0.13007812,728,143,1790942372.682947,0.21324946,5218.406660589
0.0003,0.2522925,0.7766736,0.2,3.1821177,748544.0,-0.07651555,0.0015796112,1.5247588,0.083496094,730,143,1790942387.0635726,0.015136328,5233.410500261
0.0003,0.25049633,0.802563,0.2,1.2313784,751616.0,-0.06249739,0.0021049958,0.5323715,0.072949216,733,143,1790942408.7241514,0.02425252,5253.414726786
0.0003,0.24955845,0.84446764,0.2,0.99625903,752640.0,-0.058355216,0.0015346743,0.06105498,0.09326172,734,143,1790942415.931358,0.008691473,5263.416957727
0.0003,0.2508975,0.8632728,0.2,0.9302983,753664.0,-0.060892113,0.0049565006,0.017553411,0.15507813,735,143,1790942423.1446455,0.27174014,5268.418074082
0.0003,0.25088146,0.8089214,0.2,1.3271118,754688.0,-0.0671438,0.002455186,0.5095314,0.13027343,736,143,1790942430.3532517,0.008269985,5278.420297384
0.0003,0.2477388,0.83297783,0.2,1.0596917,756736.0,-0.048208736,-0.00088548445,0.060022425,0.10507812,738,143,1790942444.781306,0.012544716,5288.422414442
0.0003,0.24941254,0.78736013,0.2,1.7361432,758784.0,-0.047524363,0.010181332,0.29814196,0.0953125,740,143,1790942459.322467,0.05720385,5303.424590248
0.0003,0.25134742,0.84652126,0.2,0.8410203,759808.0,-0.062199853,0.0014836771,0.20728669,0.09326172,741,143,1790942466.4369016,0.010158867,5313.425610301
0.0003,0.2513023,0.8185519,0.2,1.3012161,760832.0,-0.071647316,0.0015376665,0.88227695,0.101660155,742,143,1790942473.4884412,0.009092992,5318.428632627
0.0003,0.24733049,0.7641753,0.2,1.8558599,765952.0,-0.035619944,0.0062219384,0.7251847,0.10517578,747,143,1790942509.100087,0.019019488,5353.438977998
0.0003,0.24533573,0.8317208,0.2,0.9708537,766976.0,-0.028653584,0.010752058,0.096019626,0.14746094,748,143,1790942516.2737892,0.056132667,5363.441752444
0.0003,0.24417837,0.8248565,0.2,1.3960856,768000.0,-0.017584093,0.009431821,1.0745987,0.10849609,749,143,1790942523.4155576,0.19037305,5368.443340297
0.0003,0.24466461,0.81464624,0.2,1.168704,770048.0,-0.011468353,0.0069459137,1.043127,0.1631836,751,143,1790942537.750511,0.07962413,5383.447923731
0.0003,0.24606372,0.7355751,0.2,2.0829556,772096.0,-0.022647494,-0.0035552697,0.33129412,0.12265625,753,143,1790942552.11374,0.17295286,5398.450267112
0.0003,0.24242486,0.7066432,0.2,2.9897242,775168.0,-0.0022261515,0.019993503,1.8045443,0.15146485,756,143,1790942573.5892963,0.48951757,5418.455431558
0.0003,0.24321163,0.701898,0.2,2.3141828,777216.0,0.0008095503,0.00033648807,0.2872839,0.14677735,758,143,1790942587.8924859,0.028058901,5433.458570696
0.0003,0.24063076,0.74996614,0.2,2.1530855,778240.0,0.0068836464,0.0036001361,0.7427422,0.15244141,759,143,1790942595.0353687,0.013893921,5438.460061597
0.0003,0.24201661,0.76556873,0.2,1.7462987,780288.0,0.005966676,0.0098338295,0.81818086,0.13095704,761,143,1790942609.2968028,0.10226391,5453.463489516
0.0003,0.24216753,0.85438275,0.2,0.8501207,782336.0,0.002787841,0.0022527575,0.08476958,0.15214844,763,143,1790942623.6276197,0.028492166,5468.467614022
0.0003,0.2398052,0.7859938,0.2,1.4005105,784384.0,0.02125408,0.004168802,0.83314085,0.095898435,765,143,1790942637.9794202,0.008372083,5483.471402957
0.0003,0.24062482,0.83858716,0.2,1.0920926,788480.0,0.026272811,-6.620791e-05,1.1376932,0.12080078,769,143,1790942666.7276614,0.11840513,5513.478793433
0.0003,0.23979938,0.82044977,0.2,1.4018017,789504.0,0.024404751,0.003679547,0.57964724,0.10839844,770,143,1790942673.8777292,0.066688396,5518.480492278
0.0003,0.2398879,0.76494825,0.2,1.4900174,790528.0,0.028254194,0.0033223473,5.7046604,0.0859375,771,143,1790942681.0287137,0.09592973,5528.481325518
0.0003,0.24092612,0.82647884,0.2,0.99225503,791552.0,0.024930526,0.0028575845,0.13870066,0.159375,772,143,1790942688.195871,0.026613925,5533.482989387
0.0003,0.24054971,0.76928824,0.2,1.6293217,792576.0,0.021005148,-0.004534794,0.50328106,0.17539063,773,143,1790942695.3568707,0.09211108,5543.484990283
0.0003,0.24107963,0.79467493,0.2,1.5560898,793600.0,0.018740367,0.00093366747,0.34428054,0.14121094,774,143,1790942702.5759404,0.05161047,5548.486659794
0.0003,0.24280849,0.7987752,0.2,1.4505143,794624.0,0.008692077,0.0023259802,1.9865164,0.1,775,143,1790942709.7237015,0.033366926,5553.487827206
0.0003,0.24400946,0.64742565,0.2,2.273602,797696.0,-0.0065140566,0.0089323055,1.6169682,0.13232422,778,143,1790942731.2742991,0.25575376,5578.495490765
0.0003,0.24160972,0.66580236,0.2,3.448192,798720.0,0.0017662987,-0.0038697952,0.21255489,0.1274414,779,143,1790942738.4499578,0.013175791,5583.496389828
0.0003,0.24007452,0.760362,0.2,2.270662,801792.0,0.023457492,0.004933635,0.4701568,0.10820313,782,143,1790942759.8830245,0.1666891,5603.501407091
0.0003,0.23925832,0.7821665,0.2,2.0753605,802816.0,0.030958796,0.003205287,0.59162194,0.122851565,783,143,1790942767.0812423,0.024692895,5613.503246827
0.0003,0.23633996,0.8170164,0.2,1.6053472,806912.0,0.051438373,0.012652919,1.4301974,0.10410156,787,143,1790942795.7434165,0.1985388,5643.510069372
0.0003,0.23684871,0.7896003,0.2,2.6346996,807936.0,0.057126738,0.003805964,1.5422387,0.115429685,788,143,1790942802.897241,0.0070109377,5648.511061214
0.0003,0.23483391,0.6747596,0.2,3.5617661,812032.0,0.072282664,0.0006534599,0.62631834,0.10576172,792,143,1790942831.5532863,0.0777205,5678.518592167
0.0003,0.23288375,0.7881512,0.2,1.7138833,817152.0,0.08794975,0.0051971553,2.853053,0.1553711,797,143,1790942867.174282,0.092468046,5713.528049993
0.0003,0.22965373,0.7458462,0.2,3.1034331,820224.0,0.11981747,0.009874084,4.3804064,0.12783203,800,143,1790942888.8153913,0.1491283,5733.532085675
0.0003,0.23007736,0.5731001,0.2,5.5028877,822272.0,0.11725505,0.0030169308,1.0571576,0.14814453,802,143,1790942903.3214536,0.08239146,5748.536072484
0.0003,0.22932807,0.52307534,0.2,5.233466,823296.0,0.11773818,0.0019305206,3.7020736,0.17167969,803,143,1790942910.5962806,0.19460392,5758.537577444
0.0003,0.22936818,0.6428081,0.2,3.257859,826368.0,0.113585554,0.007819157,0.2272504,0.1696289,806,143,1790942932.3478038,0.21935622,5778.541961806
0.0003,0.22923467,0.577865,0.2,5.3263946,827392.0,0.119357966,0.008248402,0.8615048,0.15478516,807,143,1790942939.609359,0.24355681,5783.543549697
0.0003,0.22882667,0.77451426,0.2,1.6547368,828416.0,0.120554976,0.001970157,6.213107,0.15351562,808,143,1790942946.8878775,0.050844826,5793.544706677
0.0003,0.22512473,0.70983034,0.2,2.6863542,831488.0,0.15206291,0.009716398,2.5268633,0.12685546,811,143,1790942968.6461825,0.09207298,5813.550677262
0.0003,0.22565536,0.7073243,0.2,2.060701,832512.0,0.15381289,0.0072687035,0.12467643,0.16308594,812,143,1790942975.935767,0.049769454,5823.552968106
0.0003,0.22228046,0.7200775,0.2,2.286146,836608.0,0.18183121,0.0074596144,0.13732117,0.10830078,816,143,1790943004.9329848,0.061660692,5848.558982679
0.0003,0.22053519,0.78506005,0.2,1.8619148,837632.0,0.18716285,0.014347629,0.0724895,0.1774414,817,143,1790943012.1822357,0.019718964,5858.560124553
0.0003,0.21827024,0.7097938,0.2,3.39009,839680.0,0.21592018,-0.0009673989,0.8382291,0.12314453,819,143,1790943026.6818545,0.06275013,5873.563206982
0.0003,0.2161642,0.78078145,0.2,1.7835712,841728.0,0.22040656,0.014313738,1.604455,0.16484375,821,143,1790943041.1839309,0.04809202,5888.567010528
0.0003,0.216573,0.83941495,0.2,0.91619647,842752.0,0.23083347,0.003930974,0.06730154,0.14013672,822,143,1790943048.4454675,0.024839453,5893.568323633
0.0003,0.21529979,0.7609849,0.2,2.0144086,843776.0,0.23293608,0.0029608645,0.49731654,0.06298828,823,143,1790943055.653594,0.033454638,5903.570634311
0.0003,0.21426699,0.78578144,0.2,1.5570422,844800.0,0.24469781,0.00062420266,1.136672,0.12773438,824,143,1790943062.9014199,0.03382905,5908.57194425
0.0003,0.21726947,0.6997285,0.2,2.367971,846848.0,0.21932343,0.0051171375,0.44535837,0.04863281,826,143,1790943077.407721,0.012264678,5923.574323382
0.0003,0.21602535,0.71723497,0.2,2.0687194,847872.0,0.22774975,0.008995441,0.2178881,0.12451172,827,143,1790943084.6315343,0.2457983,5928.576086464
0.0003,0.21568444,0.75237006,0.2,2.463672,850944.0,0.234269,0.011667312,3.0469341,0.13769531,830,143,1790943106.3210206,0.18393801,5953.582807645
0.0003,0.2150326,0.739311,0.2,2.741687,852992.0,0.24163029,0.0073135705,0.09653676,0.15322265,832,143,1790943120.7992864,0.10165098,5968.585738841
0.0003,0.21436153,0.7461661,0.2,1.9261153,855040.0,0.24560405,0.006671877,0.118061535,0.099804685,834,143,1790943135.2731695,0.020497162,5978.588194069
0.0003,0.2144886,0.7900059,0.2,1.6995022,856064.0,0.2469898,0.0041441205,0.3286542,0.079394534,835,143,1790943142.4361157,0.119934015,5988.590596554
0.0003,0.21416494,0.756167,0.2,2.6434836,858112.0,0.24806593,0.007939212,4.0243993,0.13691406,837,143,1790943156.930697,0.024825951,6003.594100831
0.0003,0.21358585,0.6703802,0.2,2.688924,860160.0,0.24410674,0.001360663,0.8265004,0.09785156,839,143,1790943171.4615993,0.3478296,6018.597826341
0.0003,0.21493089,0.8395667,0.2,1.0798073,861184.0,0.25034025,0.0055243145,1.3608716,0.18427734,840,143,1790943178.7214477,0.028311567,6023.598580867
0.0003,0.21434489,0.8541637,0.2,0.9337561,862208.0,0.24471934,-0.00091853435,0.080926865,0.15791015,841,143,1790943186.074293,0.033264138,6033.600638729
0.0003,0.21356714,0.75243396,0.2,1.7184477,863232.0,0.25179315,0.005461104,0.24031645,0.12412109,842,143,1790943193.3169694,0.062388636,6038.6013466
0.0003,0.2115561,0.7340291,0.2,2.9603648,865280.0,0.27762663,-0.00044128025,1.2182575,0.10771485,844,143,1790943207.8018148,0.01925266,6053.604314282
0.0003,0.2111216,0.77776074,0.2,2.3876014,866304.0,0.27572927,0.022809306,2.3421178,0.12148438,845,143,1790943215.0568483,0.3527183,6058.605435504
0.0003,0.21132171,0.7079402,0.2,2.826617,871424.0,0.27629036,0.0068211327,0.29130977,0.1116211,850,143,1790943250.5656338,0.01586184,6098.615729674
0.0003,0.20995148,0.7540606,0.2,2.0986485,873472.0,0.2876632,0.0061780615,0.3882619,0.115625,852,143,1790943264.902679,0.07713112,6108.618415153
0.0003,0.21048886,0.76607716,0.2,2.2379498,874496.0,0.28624797,0.00040285484,0.67665327,0.10458984,853,143,1790943272.072166,0.015330646,6118.62133037
0.0003,0.21180753,0.85992676,0.2,1.1028852,875520.0,0.27838233,0.0042192745,0.17213474,0.09667969,854,143,1790943279.3181863,0.083805904,6123.62210193
0.0003,0.2075674,0.835683,0.2,0.97241944,876544.0,0.28834426,0.011805339,0.051536895,0.110644534,855,143,1790943286.5833907,0.15208715,6133.625287258
0.0003,0.20892107,0.7841995,0.2,1.3831851,879616.0,0.30933213,0.009732464,0.020937175,0.22919922,858,143,1790943308.4113529,0.014219055,6153.630617611
0.0003,0.20694907,0.8925626,0.2,0.56896764,881664.0,0.31214038,0.010264419,0.04807318,0.1821289,860,143,1790943322.9615664,0.17334431,6168.633375024
0.0003,0.20605448,0.81358355,0.2,1.2977971,883712.0,0.3258384,0.014698692,0.109587446,0.12041016,862,143,1790943337.480803,0.070020884,6183.637006375
0.0003,0.20547806,0.80213225,0.2,1.3505187,885760.0,0.32734016,-0.00029946255,0.35380104,0.1305664,864,143,1790943352.055551,0.024610683,6198.640253868
0.0003,0.2055115,0.7291895,0.2,2.361165,888832.0,0.32555163,0.0013343501,1.3720155,0.07109375,867,143,1790943373.7968335,0.004995441,6218.644296576
0.0003,0.20565394,0.7863663,0.2,2.0329566,889856.0,0.33007383,0.00017224015,0.34113273,0.06865235,868,143,1790943381.0598562,0.010859394,6228.646138662
0.0003,0.20393121,0.7948675,0.2,1.5544586,890880.0,0.33633718,0.008533391,0.106958896,0.11904297,869,143,1790943388.3104846,1.188756,6233.647379645
0.0003,0.20521677,0.8365227,0.2,1.082072,891904.0,0.34246752,0.012083544,0.95582026,0.16894531,870,143,1790943395.5824468,0.40499908,6243.649461859
0.0003,0.20435137,0.83105695,0.2,1.1225808,893952.0,0.33824524,0.0025762562,1.0415171,0.11005859,872,143,1790943410.0786538,0.017704453,6253.651474341
0.0003,0.20600177,0.79141134,0.2,1.5101035,897024.0,0.3230949,0.0073510814,0.74941766,0.09072266,875,143,1790943431.5763774,0.11660783,6278.65711803
0.0003,0.20516875,0.7165097,0.2,2.1673126,899072.0,0.33285102,0.045921285,0.26107478,0.16064453,877,143,1790943445.9283066,0.019092256,6293.660720394
0.0003,0.20554277,0.73841965,0.2,2.7857673,901120.0,0.32425678,0.0032761174,0.6644629,0.11533203,879,143,1790943460.342048,0.018937085,6303.663036549
0.0003,0.20496203,0.7917071,0.2,1.5368611,904192.0,0.333228,0.011494549,0.18461344,0.20292969,882,143,1790943481.640361,0.083899364,6328.673845612
0.0003,0.20652208,0.8543108,0.2,0.8650393,907264.0,0.32616302,0.011701307,0.069583856,0.19804688,885,143,1790943503.1148365,0.6625414,6348.679456079
0.0003,0.20601723,0.7684858,0.2,2.7201474,908288.0,0.3199064,0.0025236846,1.6838657,0.07529297,886,143,1790943510.2425506,0.016528185,6353.680429068
0.0003,0.20651698,0.7209824,0.2,1.856478,912384.0,0.31028476,0.006144811,3.6903884,0.07128906,890,143,1790943539.0095327,0.011492497,6383.68675671
0.0003,0.2034158,0.76441455,0.2,2.0649576,916480.0,0.34581897,0.0016807906,0.34893882,0.16367188,894,143,1790943568.0736487,0.044049583,6413.695347734
0.0003,0.2050271,0.788054,0.2,1.8540664,918528.0,0.3333003,0.0012924592,0.5001596,0.15039062,896,143,1790943582.5979478,0.13832736,6428.698371721
0.0003,0.20418653,0.8212519,0.2,1.3425176,920576.0,0.336847,0.006148574,0.2653596,0.16123047,898,143,1790943597.1518145,0.2658645,6443.702559951
0.0003,0.20479709,0.84008324,0.2,0.8364803,922624.0,0.33956638,0.013705745,0.049710147,0.20361328,900,143,1790943611.646425,0.20187628,6458.70896275
0.0003,0.20532578,0.7206854,0.2,3.152264,923648.0,0.33158073,0.006799955,1.1086475,0.0765625,901,143,1790943618.954381,0.19814104,6463.710069077
0.0003,0.20631221,0.8158326,0.2,1.4047259,924672.0,0.32582402,0.016402857,0.16267931,0.15839843,902,143,1790943626.2499719,0.09493427,6473.712691815
0.0003,0.2067171,0.8455984,0.2,1.1581568,926720.0,0.3153967,0.0044369423,0.23417857,0.124414064,904,143,1790943640.6435122,0.18764094,6488.715270013
0.0003,0.2067218,0.77854276,0.2,2.2717302,927744.0,0.31817004,0.0038451436,2.7343948,0.117773436,905,143,1790943647.8642561,0.09923605,6493.716146161
0.0003,0.2042597,0.7320218,0.2,2.242623,928768.0,0.32769188,0.003109263,0.044581074,0.099609375,906,143,1790943655.0773811,0.18148011,6498.717277262
0.0003,0.20392844,0.7663842,0.2,2.2679403,929792.0,0.34326902,0.0075344136,0.08585746,0.13554688,907,143,1790943662.3033247,0.035542257,6508.719820653
0.0003,0.20259044,0.8352493,0.2,1.2670614,933888.0,0.35832033,0.01507073,0.0995439,0.17675781,911,143,1790943691.150537,0.15916318,6538.727935949
0.0003,0.2027461,0.7704111,0.2,2.0645118,934912.0,0.35707554,0.004572769,4.438438,0.15097657,912,143,1790943698.378322,0.085146695,6543.729639847
0.0003,0.20237684,0.8413433,0.2,0.9322013,936960.0,0.3605822,0.013322915,1.6148028,0.18720703,914,143,1790943712.7132232,0.1893794,6558.732922374
0.0003,0.19831963,0.7653773,0.2,2.1262968,943104.0,0.39029235,0.0071238913,0.48925552,0.16191407,920,143,1790943756.056252,0.042759642,6603.742471353
0.0003,0.19738494,0.7425524,0.2,2.6505291,944128.0,0.40480998,0.008112684,0.22197896,0.07509766,921,143,1790943763.2946975,0.07916369,6608.744269747
0.0003,0.19976526,0.806097,0.2,1.5523176,948224.0,0.3910525,0.008236592,2.671884,0.14453125,925,143,1790943792.1879394,0.5645624,6638.751352379
0.0003,0.20105153,0.7916151,0.2,1.4976965,949248.0,0.38066235,0.000729872,1.6822461,0.12998047,926,143,1790943799.4037354,0.13343196,6643.754783857
0.0003,0.19913134,0.8367669,0.2,1.0613636,950272.0,0.38374016,0.0151747335,0.68848807,0.10957031,927,143,1790943806.6357358,0.03535431,6653.757166423
0.0003,0.19728848,0.8228329,0.2,1.4968612,952320.0,0.4085125,0.018282231,1.8626143,0.17949219,929,143,1790943820.981569,0.08026658,6668.760159241
0.0003,0.19585586,0.8479413,0.2,0.89325184,953344.0,0.42216808,0.011094733,0.47014013,0.13808593,930,143,1790943828.1812541,0.47164163,6673.761488145
0.0003,0.19082583,0.83464295,0.2,1.2079141,962560.0,0.47982594,0.0064111003,0.1839653,0.16669922,939,143,1790943893.0925195,0.11609764,6738.775029032
0.0003,0.19393465,0.87101984,0.2,0.64058614,964608.0,0.46716318,0.010581249,0.08725408,0.11669922,941,143,1790943907.4612563,0.11687507,6753.778312958
0.0003,0.19546345,0.7707329,0.2,1.752392,967680.0,0.4327393,0.0042304187,0.84711194,0.09658203,944,143,1790943929.1876178,0.13611718,6773.783671611
0.0003,0.19582616,0.8103002,0.2,1.4629495,968704.0,0.43695948,0.005516881,0.34780478,0.08671875,945,143,1790943936.4688704,0.29064366,6783.786263895
0.0003,0.19702765,0.8428145,0.2,1.1391858,969728.0,0.42512006,-0.0016553899,0.82953733,0.15742187,946,143,1790943943.7208152,0.09914683,6788.787664584
0.0003,0.19689341,0.769261,0.2,2.3172643,970752.0,0.4214385,0.005063882,0.66774565,0.11513672,947,143,1790943950.935158,0.25350064,6798.789261553
0.0003,0.1968581,0.8418297,0.2,1.0942867,973824.0,0.4157031,0.0018422665,0.30404904,0.099414065,950,143,1790943972.6466322,0.18169498,6818.793600374
0.0003,0.19538733,0.75724703,0.2,2.4799938,975872.0,0.4230689,0.008151087,0.07971579,0.12265625,952,143,1790943987.1399481,0.45400852,6833.796251725
0.0003,0.19378826,0.7385466,0.2,1.8765247,976896.0,0.44175652,0.003531225,0.11488448,0.118945315,953,143,1790943994.3964362,0.18132338,6838.799459719
0.0003,0.19225553,0.82137996,0.2,1.2900213,977920.0,0.45756772,0.0068864194,0.04595059,0.15917969,954,143,1790944001.6518633,0.053594276,6848.801708415
0.0003,0.19193363,0.8123918,0.2,1.6050878,979968.0,0.4654077,0.0057272594,0.8473974,0.14902344,956,143,1790944016.1338675,0.55314887,6863.805859046
0.0003,0.19044247,0.8597225,0.2,0.80217993,980992.0,0.47731867,0.008113247,0.0397696,0.21220703,957,143,1790944023.3650765,1.000006,6868.806626797
0.0003,0.19086649,0.7430463,0.2,2.1187754,985088.0,0.48714012,0.00923535,0.25518218,0.15742187,961,143,1790944052.3680904,0.29471093,6898.813209001
0.0003,0.19202039,0.777585,0.2,1.6555948,986112.0,0.4787097,0.0067502595,0.11933601,0.13378906,962,143,1790944059.6207807,0.237548,6903.814821545
0.0003,0.19194332,0.8693676,0.2,0.8262151,987136.0,0.47299114,0.00654338,0.055432215,0.1508789,963,143,1790944066.9576397,0.038233846,6913.816776788
0.0003,0.18900377,0.82702017,0.2,1.0036521,989184.0,0.49921483,0.0028519,0.06916392,0.08730469,965,143,1790944081.510308,0.038184464,6928.819776268
0.0003,0.18890804,0.7469258,0.2,2.1479933,990208.0,0.50772244,0.0045143487,1.1865935,0.08798828,966,143,1790944088.7724636,0.39547902,6933.820581859
0.0003,0.19059929,0.77532136,0.2,1.7476426,992256.0,0.49587554,0.0045018815,0.5436841,0.13535157,968,143,1790944103.271314,0.12799864,6948.823707706
0.0003,0.19004688,0.7452427,0.2,2.075469,995328.0,0.4981832,0.0035025466,0.2755292,0.11533203,971,143,1790944125.0128696,0.3489662,6968.829000006
0.0003,0.19086319,0.8342928,0.2,1.2060335,996352.0,0.49086934,0.0063067884,0.12994309,0.17871094,972,143,1790944132.2796495,1.0865576,6978.831464085
0.0003,0.18907905,0.74814045,0.2,2.1901412,997376.0,0.4951303,0.0042559165,3.489936,0.1390625,973,143,1790944139.5251613,0.047819793,6983.83330454
0.0003,0.18720019,0.8161242,0.2,1.2987401,999424.0,0.5192883,0.008127361,1.6384015,0.11787109,975,143,1790944154.0535407,0.2602426,6998.837187247
0.0003,0.18764943,0.9067638,0.2,0.4449048,1003520.0,0.5234198,0.0029420182,0.088373244,0.18066406,979,143,1790944183.086281,0.14114563,7028.84613029
0.0003,0.18834177,0.8016172,0.2,1.2740389,1004544.0,0.5153713,0.009044264,0.8474161,0.109277345,980,143,1790944190.3556738,0.10817253,7033.847299612
0.0003,0.18858942,0.8129044,0.2,1.307292,1005568.0,0.51065856,0.0044729896,0.26101807,0.13564453,981,143,1790944197.5968404,0.09485662,7043.850039731
0.0003,0.18908533,0.7816626,0.2,2.7608175,1010688.0,0.50505096,0.0045466083,1.8670592,0.11699219,986,142,1790944233.9357705,0.029770387,7078.858674618
0.0003,0.18730378,0.86992276,0.2,0.8270209,1012736.0,0.5167759,0.004532459,0.3076261,0.15117188,988,142,1790944248.4431279,0.75366104,7093.862853673
0.0003,0.18780562,0.5655578,0.2,5.3502455,1013760.0,0.5233185,0.016759178,0.14725554,0.18710938,989,142,1790944255.7345772,3.5683403,7103.865180928
0.0003,0.18742631,0.7482476,0.2,2.5170028,1014784.0,0.52404094,0.004264453,1.1222565,0.11484375,990,142,1790944263.030638,0.23626389,7108.866204875
0.0003,0.18697593,0.73054886,0.2,2.3304095,1019904.0,0.53125435,0.008265043,0.33492494,0.1517578,995,142,1790944299.5170662,0.08547662,7143.873897857
0.0003,0.18757297,0.72740984,0.2,2.340417,1021952.0,0.51773244,0.00368382,0.09553304,0.123730466,997,142,1790944314.121446,0.2036877,7158.878187942
0.0003,0.187953,0.8145292,0.2,1.1532193,1022976.0,0.5171997,0.0043566567,0.061130233,0.11972656,998,142,1790944321.4326446,0.14233084,7168.879834315
0.0003,0.18819292,0.8381905,0.2,1.122733,1024000.0,0.51435196,0.0008584762,0.6403058,0.115917966,999,142,1790944328.7510245,0.42275992,7173.88143919
0.0003,0.1875322,0.78231657,0.2,1.9003644,1027072.0,0.5203771,0.005769969,1.8130906,0.20244141,1002,142,1790944350.7140474,0.7410699,7198.886920325
0.0003,0.18732445,0.8048654,0.2,1.1244928,1028096.0,0.52349913,0.011708159,0.677958,0.13300781,1003,142,1790944358.0400007,0.23544458,7203.88814465
0.0003,0.18696938,0.82094604,0.2,1.4417244,1029120.0,0.52793413,0.005017142,0.34894457,0.09902344,1004,142,1790944365.3633654,0.20766729,7213.890245147
0.0003,0.18520352,0.7706751,0.2,1.507658,1030144.0,0.54057753,0.016256493,3.6315358,0.18671875,1005,142,1790944372.7689033,0.49952424,7218.891491142
0.0003,0.18131196,0.7821074,0.2,1.9846171,1034240.0,0.5889906,0.001891283,1.3611652,0.12597656,1009,142,1790944401.966396,0.91621876,7248.898153727
0.0003,0.17582273,0.7333826,0.2,2.1697378,1040384.0,0.6578956,0.0012658505,6.416034,0.104199216,1015,142,1790944445.937806,0.1336081,7293.908600678
0.0003,0.17582834,0.7919557,0.2,1.5946295,1041408.0,0.6574336,0.0053338953,1.3640863,0.13857421,1016,142,1790944453.2063584,0.36309186,7298.910064909
0.0003,0.1729964,0.8039935,0.2,1.7136775,1044480.0,0.6813164,0.005548063,1.3396449,0.13564453,1019,142,1790944474.9903762,0.5035242,7318.913999416
0.0003,0.17197593,0.77207845,0.2,1.7338026,1046528.0,0.69297624,-0.00079029973,1.333432,0.12705079,1021,142,1790944489.4729319,0.41095817,7333.917916756
0.0003,0.17112522,0.8236196,0.2,1.2285314,1047552.0,0.7033566,0.012321193,0.1471343,0.14433594,1022,142,1790944496.6876109,0.1056747,7343.919912086
0.0003,0.16883637,0.76950085,0.2,2.1332977,1048576.0,0.7230981,0.012626515,0.29972723,0.12695312,1023,142,1790944503.965954,0.7334885,7348.923299841
0.0003,0.16870023,0.8272867,0.2,1.1710917,1050624.0,0.73536354,-0.00074756326,1.1250763,0.15791015,1025,142,1790944518.4790802,0.08041024,7363.925865366
0.0003,0.16782896,0.82657814,0.2,1.0654057,1051648.0,0.74557334,0.003573292,0.50430113,0.12421875,1026,142,1790944525.7419462,0.3342429,7373.92746428
0.0003,0.16964689,0.8226998,0.2,0.9085144,1052672.0,0.74232465,-0.0011493531,0.071256675,0.21132812,1027,142,1790944532.997955,0.39793313,7378.929108836
0.0003,0.16951942,0.833133,0.2,0.98462504,1055744.0,0.73692966,0.010824122,0.06993605,0.19912109,1030,142,1790944554.5453198,1.5047243,7398.934583772
0.0003,0.16844448,0.79463255,0.2,1.361543,1056768.0,0.7423712,0.001945746,0.48131704,0.12001953,1031,142,1790944561.7403407,0.51199496,7408.93809471
0.0003,0.16627744,0.8125874,0.2,1.5586425,1059840.0,0.77039415,0.008410704,0.11780289,0.15605469,1034,142,1790944583.2685118,0.23867086,7428.94278748
0.0003,0.16565701,0.717197,0.2,2.1012115,1060864.0,0.7824367,0.0059254696,0.70782006,0.13691406,1035,142,1790944590.465261,0.05602369,7433.943622904
0.0003,0.1637024,0.8448059,0.2,1.1278384,1063936.0,0.80041635,0.007951995,0.36181936,0.13681641,1038,142,1790944611.9744263,0.89162433,7458.949469951
0.0003,0.16211766,0.8701169,0.2,0.8083876,1064960.0,0.81748015,0.005862319,0.19744655,0.15136719,1039,142,1790944619.1171,0.06321608,7463.950180168
0.0003,0.16234091,0.79047513,0.2,1.9906025,1065984.0,0.82532215,0.005411619,0.364637,0.13066407,1040,142,1790944626.2165937,0.18918274,7473.95279645
0.0003,0.16133642,0.7137739,0.2,3.2402732,1067008.0,0.8309224,0.017946923,4.0543876,0.16689453,1041,142,1790944633.3192725,6.2196326,7478.954594231
0.0003,0.16026075,0.66746473,0.2,3.0950477,1068032.0,0.8430168,0.013147181,0.47213188,0.16035156,1042,142,1790944640.4873936,0.79695106,7483.955520404
0.0003,0.15868358,0.74859416,0.2,2.6570938,1069056.0,0.859747,0.0060024285,0.12768815,0.16972657,1043,142,1790944647.5840094,0.2356909,7493.957229096
0.0003,0.15979075,0.686643,0.2,3.0988278,1073152.0,0.8563103,0.011865198,0.46965164,0.18603516,1047,142,1790944676.1721797,0.4889325,7523.964439273
0.0003,0.15889955,0.8036022,0.2,1.6280599,1074176.0,0.86780167,0.008096444,0.7400199,0.16582032,1048,142,1790944683.3640683,0.2136474,7528.965567785
0.0003,0.1589976,0.7235602,0.2,2.7459326,1076224.0,0.8810999,0.0037559718,0.3670171,0.13271484,1050,142,1790944697.7089825,0.759059,7543.969140409
0.0003,0.1578201,0.7489544,0.2,2.3057997,1077248.0,0.88493913,0.005637365,0.9788247,0.15361328,1051,142,1790944704.8329072,1.2141634,7548.970292439
0.0003,0.15839069,0.7691814,0.2,1.6858107,1079296.0,0.88726234,0.0028706484,5.794846,0.16025391,1053,142,1790944719.054366,0.698845,7563.973153106
0.0003,0.15852734,0.665354,0.2,2.5765316,1081344.0,0.8913982,0.0020462016,0.6385692,0.089746095,1055,142,1790944733.304694,0.016234143,7578.976783213
0.0003,0.15752956,0.8401077,0.2,1.0169231,1083392.0,0.9004549,0.007773118,0.39091432,0.13330078,1057,142,1790944747.6666276,0.30048472,7593.980685821
0.0003,0.15860888,0.7974267,0.2,1.3612409,1085440.0,0.90854514,0.012811552,0.17504337,0.13867188,1059,142,1790944761.9167368,0.44642395,7608.983993424
0.0003,0.1583055,0.7457255,0.2,2.6072254,1086464.0,0.90501624,0.005755456,0.7252796,0.12109375,1060,142,1790944769.0052788,0.6434244,7613.984864137
0.0003,0.15770619,0.7814795,0.2,2.3501859,1087488.0,0.90961355,0.0069746696,0.46037012,0.12851563,1061,142,1790944776.1938312,0.35795844,7623.986692265
0.0003,0.15531161,0.6735503,0.2,2.9224353,1092608.0,0.9261608,0.00790024,0.3673061,0.16982421,1066,142,1790944811.9695957,2.5453873,7658.995486014
0.0003,0.1548086,0.7694627,0.2,2.0601404,1093632.0,0.94306964,0.011294436,3.8575218,0.16826172,1067,142,1790944819.2204576,1.4953713,7663.996741014
0.0003,0.15449348,0.6842285,0.2,2.990011,1094656.0,0.95009714,0.008963741,1.0716388,0.15976563,1068,142,1790944826.4625363,2.879703,7673.997916414
0.0003,0.15350442,0.63385147,0.2,3.9807827,1096704.0,0.96523136,0.00025838983,0.4134867,0.10175781,1070,142,1790944840.9628174,0.24103218,7689.001440396
0.0003,0.15458097,0.74351406,0.2,2.3564978,1099776.0,0.9563383,0.004201085,0.8272126,0.1274414,1073,142,1790944862.6774945,1.1844779,7709.004564639
0.0003,0.15365109,0.7491269,0.2,3.3562312,1101824.0,0.96001244,0.0023052238,0.9410719,0.06611328,1075,142,1790944877.2029014,0.20644417,7724.008646463
0.0003,0.15335912,0.78850645,0.2,1.2508867,1102848.0,0.95923996,0.005754603,2.085507,0.14794922,1076,142,1790944884.405225,0.314882,7729.010171083
0.0003,0.15313548,0.74398506,0.2,2.3754723,1104896.0,0.96821547,0.01162251,0.13036464,0.15224609,1078,142,1790944898.8691795,6.5055327,7744.01386203
0.0003,0.15341052,0.8212809,0.2,1.2398546,1106944.0,0.96137625,0.0039314074,0.8588524,0.12685546,1080,142,1790944913.3160746,0.33856407,7759.017773012
0.0003,0.15168917,0.84359336,0.2,0.97548115,1112064.0,0.9811107,0.011669253,0.66194415,0.18701172,1085,142,1790944949.5182595,1.0360546,7794.026935642
0.0003,0.15272,0.8307568,0.2,1.0069793,1114112.0,0.9757282,0.0020802936,0.29706636,0.15878907,1087,142,1790944963.9540365,0.6353099,7809.030528598
0.0003,0.1521843,0.88468033,0.2,0.61771107,1116160.0,0.9869302,0.008908454,1.5582011,0.17246094,1089,142,1790944978.4579241,0.5599314,7824.033794736
0.0003,0.15095368,0.77481484,0.2,1.488878,1119232.0,0.97633046,0.003182956,1.3927114,0.1529297,1092,142,1790945000.1563804,0.8308118,7844.037712822
0.0003,0.15039307,0.7784819,0.2,1.8665915,1121280.0,0.99285215,-0.0022624268,0.5175688,0.13691406,1094,142,1790945014.6385374,0.8213854,7859.042459558
0.0003,0.15037903,0.90543216,0.2,0.36280295,1123328.0,0.9831188,0.0013285837,0.04974255,0.20654297,1096,142,1790945029.2358546,2.0484095,7874.046233289
0.0003,0.15049934,0.7575083,0.2,1.752943,1124352.0,0.98778135,0.008876758,0.4783526,0.1303711,1097,142,1790945036.58018,0.17981067,7884.048618329
0.0003,0.1508024,0.68332076,0.2,3.2028394,1125376.0,0.982365,0.0031214878,0.24029678,0.17050782,1098,142,1790945043.9500926,0.09225569,7889.049601347
0.0003,0.1517078,0.8136626,0.2,1.4569442,1126400.0,0.9735884,0.0042458344,1.6831598,0.14169922,1099,142,1790945051.1321614,0.23097005,7899.052159444
0.0003,0.1503295,0.84504545,0.2,1.1081042,1130496.0,0.98548204,0.0032190662,0.29396778,0.12060547,1103,142,1790945080.1182547,0.74851054,7924.058787049
0.0003,0.15003106,0.7709495,0.2,2.0138373,1131520.0,0.9820341,0.0041404776,3.7651596,0.11787109,1104,142,1790945087.3761215,0.11253643,7934.060504827
0.0003,0.14868695,0.71917593,0.2,3.3560276,1136640.0,1.002161,0.0016008012,0.22162396,0.13398437,1109,142,1790945123.5612473,0.2194112,7969.068641937
0.0003,0.14708501,0.82617044,0.2,1.1688176,1138688.0,1.0263138,0.0035794147,0.20329964,0.11738281,1111,142,1790945138.0210466,0.14972086,7984.074058526
0.0003,0.14494914,0.7228831,0.2,2.823706,1141760.0,1.0480683,0.004668387,0.45750436,0.14248046,1114,142,1790945159.816591,0.07230208,8004.07857212
0.0003,0.14785996,0.82908565,0.2,1.7524627,1144832.0,1.0172237,0.003960184,0.4684101,0.14736328,1117,142,1790945181.6178002,0.64501756,8029.084417826
0.0003,0.14824805,0.8965405,0.2,0.50406355,1149952.0,0.99929625,0.014361814,0.011229195,0.19326171,1122,142,1790945217.8042197,7.894163,8064.09660571
0.0003,0.14793955,0.697488,0.2,2.5713675,1150976.0,1.0040125,0.00426255,0.35044256,0.10820313,1123,142,1790945225.145823,0.6114588,8069.097679552
0.0003,0.14582124,0.7766043,0.2,0.8676439,1153024.0,1.025387,0.0038878478,0.009405252,0.18925782,1125,142,1790945239.6757407,0.18666098,8084.101593323
0.0003,0.14727414,0.86984557,0.2,0.75583917,1154048.0,1.0245144,0.01086662,0.055314213,0.19238281,1126,142,1790945246.936312,0.95326674,8094.104566391
0.0003,0.147741,0.7517474,0.2,2.4666111,1156096.0,1.0095228,0.0043641394,2.68498,0.1283203,1128,142,1790945261.3916292,0.11902997,8109.107633812
0.0003,0.14762107,0.7486093,0.2,2.8990452,1157120.0,1.0060961,0.010849885,2.058577,0.15673828,1129,142,1790945268.4994204,1.4644672,8114.108347233
0.0003,0.14708796,0.80225587,0.2,1.5800011,1158144.0,1.0099663,0.0060017975,1.1987747,0.20634766,1130,142,1790945275.6320338,1.424946,8119.109325523
0.0003,0.14715624,0.7204997,0.2,2.6012032,1159168.0,1.0136255,0.019519968,1.8418058,0.18867187,1131,142,1790945282.7968693,0.051270597,8129.111635302
0.0003,0.14550638,0.72635263,0.2,1.7985965,1161216.0,1.0309833,-0.0021261896,0.7645105,0.18408203,1133,142,1790945296.991891,0.57817703,8144.114875894
0.0003,0.14512181,0.8067875,0.2,1.3550327,1162240.0,1.0377951,0.006229153,0.51544267,0.14462891,1134,142,1790945304.1501412,0.04355337,8149.116774159
0.0003,0.14676662,0.8216609,0.2,1.3028878,1164288.0,1.029188,0.004430556,2.6578348,0.19414063,1136,142,1790945318.4177365,1.428325,8164.122257939
0.0003,0.1457741,0.78529894,0.2,2.1485465,1165312.0,1.0224648,0.016412413,0.47130686,0.20517579,1137,142,1790945325.6994586,1.132509,8169.123465105
0.0003,0.14386326,0.7775452,0.2,2.267831,1166336.0,1.0440897,0.005825467,0.37116313,0.14023438,1138,142,1790945332.9799798,0.072742924,8179.125208031
0.0003,0.14223018,0.75469834,0.2,3.1408744,1168384.0,1.080701,0.0071889684,0.68531024,0.1319336,1140,142,1790945347.5847034,1.3942404,8194.128963696
0.0003,0.14330092,0.7280142,0.2,3.1337976,1171456.0,1.0563127,-0.0025273738,0.3855663,0.13740234,1143,142,1790945369.5236213,1.1850786,8214.134135709
0.0003,0.14427596,0.75162023,0.2,2.4723933,1172480.0,1.0546461,0.005165305,0.43003196,0.13300781,1144,142,1790945376.8148644,0.2530448,8224.137102173
0.0003,0.14269054,0.8268969,0.2,1.6224737,1173504.0,1.0593778,0.0030368222,0.43040246,0.10654297,1145,142,1790945384.1381795,0.3985022,8229.138064203
0.0003,0.14298642,0.76385915,0.2,2.1478271,1175552.0,1.0648253,0.0016411063,0.36003858,0.15224609,1147,142,1790945398.7592704,0.06816471,8244.142115574
0.0003,0.14335574,0.765476,0.2,3.0092833,1177600.0,1.0618497,0.0005805294,0.8564874,0.13789062,1149,142,1790945412.9217389,0.06455484,8259.145162916
0.0003,0.14088961,0.77401996,0.2,1.7121648,1180672.0,1.0934384,0.014226176,0.9725418,0.17695312,1152,142,1790945434.330305,0.23106901,8279.148964222
0.0003,0.14281327,0.7777868,0.2,2.2912781,1184768.0,1.0800078,-0.0006305162,0.8644968,0.1149414,1156,142,1790945463.3942244,0.19577688,8309.160061661
0.0003,0.14232531,0.7918757,0.2,1.4930323,1187840.0,1.0716867,0.0013265086,0.5617764,0.12314453,1159,142,1790945485.4865398,0.043392383,8329.164675259
0.0003,0.1424825,0.8010568,0.2,1.7912247,1189888.0,1.0877824,0.0065017985,0.45065403,0.19101563,1161,142,1790945500.2400863,0.081556536,8344.168006415
0.0003,0.14469379,0.76395494,0.2,2.5245564,1197056.0,1.0573698,-0.004516072,1.2971145,0.12363281,1168,142,1790945551.7693062,0.5260738,8399.177411272
0.0003,0.14465705,0.76703227,0.2,2.0492113,1199104.0,1.0671455,0.01710988,0.7010495,0.24248047,1170,142,1790945566.4662037,0.80056715,8414.182173
0.0003,0.14384212,0.7186421,0.2,2.5095694,1200128.0,1.0652585,0.004980643,0.54343057,0.1352539,1171,142,1790945573.861378,0.4406891,8419.183083006
0.0003,0.1438118,0.7923273,0.2,1.7023708,1201152.0,1.0729604,0.0036584565,0.360557,0.18291016,1172,142,1790945581.202402,0.23405252,8429.185175174
0.0003,0.14802581,0.850652,0.2,0.8103004,1206272.0,1.0314982,0.009234002,1.234253,0.17509766,1177,142,1790945618.1189022,0.33537394,8464.192819371
0.0003,0.15051606,0.8385208,0.2,1.0029296,1208320.0,1.013159,-0.0031264985,0.34156755,0.15595703,1179,142,1790945632.9402816,0.024346545,8479.196492855
0.0003,0.15207663,0.7838358,0.2,2.2082062,1209344.0,0.9931711,0.0017809257,1.1246653,0.1361328,1180,142,1790945640.3162794,1.5631108,8484.197868523
0.0003,0.15146488,0.7997247,0.2,1.8813268,1212416.0,0.9882458,0.0031333857,3.503513,0.12607422,1183,142,1790945662.2809458,0.0139617855,8509.203083959
0.0003,0.15206656,0.7930288,0.2,1.5527655,1213440.0,0.9860656,-0.0026705342,0.3693046,0.18769531,1184,142,1790945669.5573795,2.408885,8514.204127975
0.0003,0.15364751,0.7761116,0.2,2.2703288,1214464.0,0.97111005,0.0021801153,0.3189882,0.15419921,1185,142,1790945676.831078,2.2443275,8524.205644522
0.0003,0.15136884,0.7871742,0.2,1.9234133,1216512.0,0.9839507,0.018665142,0.81710607,0.1841797,1187,142,1790945691.352627,6.3667,8539.208800045
0.0003,0.150839,0.8288264,0.2,1.2266736,1217536.0,0.9942961,0.013975534,0.66307867,0.18378906,1188,142,1790945698.602911,1.7466687,8544.209779075
0.0003,0.15157773,0.7473058,0.2,1.9454296,1220608.0,1.0015239,0.0057695284,0.11538681,0.14863281,1191,142,1790945720.1689155,0.27000874,8564.214580808
0.0003,0.1507455,0.756518,0.2,2.1539028,1222656.0,1.0085294,0.00571352,0.55239135,0.12314453,1193,142,1790945734.6278048,1.3865877,8579.218030701
0.0003,0.14858879,0.807281,0.2,2.0859954,1223680.0,1.0259275,0.0091564525,0.8372976,0.1609375,1194,142,1790945741.8789656,2.779317,8589.219330349
0.0003,0.14618,0.8081085,0.2,1.7338936,1226752.0,1.0736158,0.0020775837,0.40051478,0.19833985,1197,142,1790945763.755902,0.013009715,8609.224358684
0.0003,0.14680271,0.81067955,0.2,1.8127016,1228800.0,1.0550553,0.011614891,1.8070935,0.23603515,1199,142,1790945778.3254495,0.27826372,8624.227707135
0.0003,0.1481022,0.7975765,0.2,0.576087,1230848.0,1.0534152,0.008294372,0.078281924,0.23144531,1201,142,1790945792.8917618,0.12933612,8639.230753483
0.0003,0.14693485,0.8823049,0.2,0.66395396,1231872.0,1.0536517,0.0058415756,0.030635513,0.1319336,1202,142,1790945800.14161,1.3974578,8644.231696969
0.0003,0.14654954,0.71109664,0.2,2.417224,1232896.0,1.0657465,0.002026966,1.1879076,0.10224609,1203,142,1790945807.4234838,0.07386136,8654.234035446
0.0003,0.1463755,0.7961561,0.2,0.71192294,1234944.0,1.0623143,0.007850317,0.06474395,0.22041015,1205,142,1790945821.9440093,13.312899,8669.238158004
0.0003,0.14653447,0.78342235,0.2,0.9352966,1236992.0,1.0673428,0.0057554157,1.3084265,0.11855469,1207,142,1790945836.6013896,2.9719248,8684.241437839
0.0003,0.1466063,0.8103008,0.2,1.1161937,1238016.0,1.0655037,0.0015153866,0.9124194,0.097070314,1208,142,1790945843.841093,5.045327,8689.24242795
0.0003,0.14695568,0.8668469,0.2,0.59658,1240064.0,1.0637944,0.0035669997,0.014324749,0.12412109,1210,142,1790945858.278773,0.55625576,8704.245516843
0.0003,0.14864813,0.88277197,0.2,0.49290457,1242112.0,1.0519551,0.013777562,0.047564983,0.25976562,1212,142,1790945872.718645,3.5745745,8719.248816392
0.0003,0.14834583,0.7804096,0.2,1.5736157,1244160.0,1.0478479,0.005454094,0.035701223,0.14736328,1214,142,1790945887.1923876,1.8979259,8734.253007538
0.0003,0.14878032,0.81851685,0.2,1.214221,1247232.0,1.0330774,0.0022174325,0.7477996,0.09765625,1217,142,1790945909.0322225,2.814361,8754.256791872
0.0003,0.14728318,0.90256584,0.2,0.30175638,1248256.0,1.0474654,0.001241981,0.0010221899,0.17646484,1218,142,1790945916.348918,0.5921041,8764.258697174
0.0003,0.14577895,0.84812593,0.2,0.6505602,1249280.0,1.066979,0.009801093,0.0071148835,0.14824219,1219,142,1790945923.698195,0.058891114,8769.259605861
0.0003,0.14651746,0.8789559,0.2,0.3882794,1252352.0,1.0702949,-0.0034408802,0.13912106,0.12607422,1222,142,1790945945.6223717,0.053747214,8789.264460636
0.0003,0.14566924,0.8210869,0.2,0.77044326,1254400.0,1.0878193,0.0063057817,0.20686562,0.17783204,1224,142,1790945960.196325,0.025987837,8804.268137587
0.0003,0.14563613,0.7672564,0.2,0.9299422,1255424.0,1.0929059,0.003422062,0.39407098,0.16035156,1225,142,1790945967.4579122,0.9271605,8814.270134512
0.0003,0.14233604,0.99168503,0.2,0.02972024,1259520.0,1.1263704,0.012030797,-0.014611034,0.2040039,1229,142,1790945996.2650557,0.12943298,8844.276633893
0.0003,0.14284557,0.96786696,0.2,0.05430687,1261568.0,1.1341767,-0.0035614138,0.00947479,0.13242188,1231,142,1790946010.726213,0.09151022,8854.279613389
0.0003,0.14215535,0.7463458,0.2,0.9758295,1262592.0,1.1344438,0.0020456081,1.0059711,0.16884765,1232,142,1790946017.94388,0.08030197,8864.282032472
0.0003,0.14156619,0.7418957,0.2,0.35188633,1264640.0,1.1415184,-0.00082115293,0.051509425,0.1673828,1234,142,1790946032.3236277,0.10738926,8879.285515044
0.0003,0.14089064,0.98731077,0.2,0.032158528,1265664.0,1.1566498,0.006304668,0.0071602073,0.16660157,1235,142,1790946039.5483248,0.55145025,8884.287215871
0.0003,0.14122404,0.79647475,0.2,0.94067955,1266688.0,1.1557372,0.0038094334,0.11085524,0.13955078,1236,142,1790946046.7524428,0.24520552,8894.289951386
0.0003,0.14019059,0.89398277,0.2,0.3722652,1267712.0,1.1616864,0.0014400166,-0.0074542332,0.15976563,1237,142,1790946053.9656444,0.17663974,8899.291752027
0.0003,0.14093415,0.80566645,0.2,1.0167228,1268736.0,1.1643511,0.004386448,0.07930354,0.15927735,1238,142,1790946061.2106931,0.018768797,8909.293707538
0.0003,0.14051905,0.9086412,0.2,0.25417674,1269760.0,1.1569613,0.008761252,0.109197944,0.17392579,1239,142,1790946068.4243984,0.049059063,8914.29511267
0.0003,0.14092533,0.7509571,0.2,1.0116036,1270784.0,1.1571889,-0.0001442627,0.23167168,0.13203125,1240,142,1790946075.611547,0.019525062,8919.296869335
0.0003,0.14010882,0.77742517,0.2,1.1778699,1271808.0,1.158751,-0.00065960176,1.0938721,0.10634766,1241,142,1790946082.9316907,0.03554876,8929.303539041
0.0003,0.14018361,0.8976021,0.2,0.19508983,1272832.0,1.1607733,0.0026758611,1.0209215,0.13271484,1242,142,1790946090.1614141,0.23953508,8934.305061456
0.0003,0.14022096,0.8515993,0.2,0.6659594,1275904.0,1.153982,0.0018013216,0.07707356,0.12421875,1245,142,1790946111.7572768,0.31268644,8959.311509724
0.0003,0.13836312,0.7753352,0.2,1.1840063,1282048.0,1.1921767,0.0006920974,0.16350232,0.12246094,1251,142,1790946154.523697,0.007514984,8999.319864335
0.0003,0.1384311,0.77706426,0.2,1.1553675,1283072.0,1.1924995,0.008124553,0.20708509,0.12675782,1252,142,1790946161.5940924,3.1051273,9009.32177013
0.0003,0.1399523,0.8264622,0.2,0.85608,1285120.0,1.1765238,0.0078013437,0.011824438,0.19902344,1254,142,1790946175.6343591,1.0804614,9019.324865749
0.0003,0.14010355,0.75995207,0.2,2.739659,1286144.0,1.1677353,-0.000636436,0.5005683,0.13164063,1255,142,1790946182.6631997,0.011684256,9029.326754222
0.0003,0.13976437,0.7650331,0.2,2.6216967,1287168.0,1.1702147,-0.0020013424,2.1101413,0.107421875,1256,142,1790946189.783465,0.6898264,9034.329505399
0.0003,0.13841346,0.88167983,0.2,0.8309741,1289216.0,1.1858177,0.0037252961,0.4094557,0.14736328,1258,142,1790946203.8879106,0.009509019,9049.335253833
0.0003,0.14005671,0.8610207,0.2,1.210137,1290240.0,1.1776576,0.0006345186,0.41486338,0.15019532,1259,142,1790946211.025411,0.27354494,9059.337533717
0.0003,0.13809112,0.8624558,0.2,1.1311735,1294336.0,1.1786634,0.0031958702,0.30598903,0.104882814,1263,142,1790946239.7034233,0.489782,9084.343329598
0.0003,0.13873118,0.8855339,0.2,0.84393686,1295360.0,1.1798086,0.0051294863,0.4459083,0.11230469,1264,142,1790946246.710498,0.009763454,9094.345044596
0.0003,0.13660066,0.882412,0.2,0.8645678,1297408.0,1.1873362,0.003872484,0.48840463,0.16953126,1266,142,1790946261.173702,0.015198642,9109.348625581
0.0003,0.13707952,0.8869041,0.2,0.8364462,1298432.0,1.1992285,0.0053217607,0.460466,0.13535157,1267,142,1790946268.4789684,0.016184619,9114.350277857
0.0003,0.13853464,0.84927905,0.2,1.2036179,1300480.0,1.1759714,0.0012635874,0.692277,0.11025391,1269,142,1790946283.094694,0.0076863794,9129.353797067
0.0003,0.13923958,0.75125086,0.2,3.2857926,1302528.0,1.1603391,-0.0024445166,1.0121361,0.13710937,1271,142,1790946297.675794,1.0294367,9144.357301049
0.0003,0.13865112,0.84199435,0.2,1.4089321,1304576.0,1.1743549,0.0038433229,0.6974341,0.19492188,1273,142,1790946311.914617,0.021423675,9159.361357331
0.0003,0.13696961,0.7841172,0.2,1.8128953,1306624.0,1.1841533,0.003313602,0.2849572,0.123535156,1275,142,1790946326.3164337,0.11390519,9174.368476341
0.0003,0.13870491,0.8023727,0.2,1.8884598,1311744.0,1.1721431,0.0024909708,0.4193119,0.10507812,1280,142,1790946362.495106,0.7789984,9209.375646961
0.0003,0.13757177,0.8092269,0.2,1.8989366,1312768.0,1.178845,0.0023567223,3.7188976,0.11669922,1281,142,1790946369.6095307,0.011950096,9214.376847156
0.0003,0.13649665,0.875555,0.2,0.83688277,1313792.0,1.1966031,0.0022043406,0.45936957,0.17753907,1282,142,1790946376.7236564,0.017609391,9224.37860612
0.0003,0.13663366,0.81513345,0.2,2.0508447,1315840.0,1.204192,0.010159023,0.6040112,0.14072266,1284,142,1790946390.9700603,0.9172733,9239.385105785
0.0003,0.13674378,0.8140334,0.2,1.6061032,1316864.0,1.2069118,0.0036907298,2.8921278,0.16025391,1285,142,1790946398.3199375,0.90423286,9244.38656079
0.0003,0.13838035,0.9009336,0.2,0.37630084,1318912.0,1.2043124,-0.00041567034,0.037984654,0.17041016,1287,142,1790946412.776716,0.21864547,9259.390595632
0.0003,0.1375551,0.88319623,0.2,0.84500754,1324032.0,1.2127948,0.0055950703,0.46862832,0.17060547,1292,142,1790946448.5678105,0.014390731,9294.399822336
0.0003,0.13822833,0.8471552,0.2,1.1344364,1325056.0,1.2108124,0.0034945584,0.44162694,0.19365235,1293,142,1790946455.722992,0.23774582,9299.401165052
0.0003,0.1378945,0.7315049,0.2,2.9383407,1326080.0,1.2108825,0.0012987838,2.1654255,0.15253906,1294,142,1790946462.9176521,1.0891019,9309.403286344
0.0003,0.13764146,0.72427684,0.2,2.2177548,1328128.0,1.2218367,-6.827866e-05,0.7046348,0.14277343,1296,142,1790946477.35569,0.27299333,9324.405716897
0.0003,0.13761948,0.85991824,0.2,1.0993106,1329152.0,1.2305518,0.02171195,0.29794806,0.2352539,1297,142,1790946484.5153387,9.657782,9329.406912454
0.0003,0.13602532,0.7880957,0.2,2.7857447,1333248.0,1.2572453,0.00070484576,1.1289369,0.111328125,1301,142,1790946513.1180887,0.8910378,9359.417623985
0.0003,0.13772339,0.814584,0.2,1.6543251,1337344.0,1.2330326,0.002957337,0.44964814,0.13681641,1305,142,1790946541.5912445,0.024708558,9389.424888275
0.0003,0.13610145,0.83761954,0.2,1.1358796,1340416.0,1.249091,0.008131087,1.3293782,0.18115234,1308,142,1790946563.329083,0.032798998,9409.430190739
0.0003,0.13693936,0.8839128,0.2,0.8620832,1342464.0,1.2511199,0.005341597,0.51267844,0.18515626,1310,142,1790946577.9753098,0.019315403,9424.43451964
0.0003,0.13953239,0.8874065,0.2,0.80761373,1344512.0,1.2221231,0.00477873,0.3907989,0.17324218,1312,142,1790946592.578514,0.0188816,9439.438485062
0.0003,0.14023493,0.88993716,0.2,0.79698354,1347584.0,1.2150402,-0.004474132,0.30986616,0.14443359,1315,142,1790946614.444079,0.008406535,9459.443559094
0.0003,0.14057656,0.8949472,0.2,0.786713,1349632.0,1.2062178,0.009404016,0.32773075,0.14482422,1317,142,1790946629.0655181,0.018022355,9474.446053341
0.0003,0.13778356,0.72995806,0.2,3.3537776,1352704.0,1.2325052,-0.0021189456,1.7287977,0.093164064,1320,142,1790946650.946907,0.88581526,9494.450712526
0.0003,0.13550347,0.8107819,0.2,0.71397114,1353728.0,1.2519768,0.0027040346,0.005889628,0.190625,1321,142,1790946658.2522707,11.020316,9504.452155506
0.0003,0.13496481,0.7748841,0.2,1.0724708,1356800.0,1.278132,-0.0002739776,0.062394783,0.12890625,1324,142,1790946679.8286955,0.22557513,9524.456976516
0.0003,0.1341454,0.76388824,0.2,1.0086355,1360896.0,1.30004,0.0028830324,0.042393003,0.1529297,1328,142,1790946708.3867545,0.16542977,9554.464636338
0.0003,0.13436666,0.94353306,0.2,0.07156539,1361920.0,1.2977742,0.0016874524,-0.0053499825,0.2154297,1329,142,1790946715.4634776,0.16112304,9559.465307389
0.0003,0.1352477,0.78022575,0.2,1.0782261,1363968.0,1.2912984,0.012876886,0.9116284,0.14160156,1331,142,1790946729.8450415,0.87393206,9574.4694012
0.0003,0.13450098,0.74693406,0.2,1.0730544,1366016.0,1.3058488,0.0025264702,0.97459596,0.13066407,1333,142,1790946744.2782097,0.7320446,9589.472597333
0.0003,0.13401482,0.7281569,0.2,1.8469541,1368064.0,1.3183434,0.005981995,0.6892816,0.18789062,1335,142,1790946758.60054,5.930136,9604.476695357
0.0003,0.13453756,0.83260167,0.2,0.8099798,1369088.0,1.3168708,0.018971875,0.0949183,0.16445312,1336,142,1790946765.8120365,1.3494167,9609.477781231
0.0003,0.13732892,0.7686236,0.2,0.9510251,1371136.0,1.2839992,-0.00049807737,0.33687958,0.1038086,1338,142,1790946780.2133217,0.407889,9624.481805064
0.0003,0.13742006,0.7935465,0.2,1.0800697,1374208.0,1.2723328,0.006862217,0.16344324,0.21865234,1341,142,1790946802.1038315,0.013866074,9649.486430645
0.0003,0.13649346,0.7930651,0.2,1.1029496,1375232.0,1.2808847,0.0059997514,0.118168265,0.1381836,1342,142,1790946809.2810516,0.011668144,9654.48803654
0.0003,0.13593334,0.82401925,0.2,0.82899815,1378304.0,1.2852957,0.010181994,0.59586877,0.2265625,1345,142,1790946831.2485633,2.6710935,9679.495136391
0.0003,0.13553683,0.7962293,0.2,1.0827752,1380352.0,1.2935547,0.018217815,0.23470367,0.23740235,1347,142,1790946845.819366,3.2356107,9689.496966977
0.0003,0.13504969,0.85189784,0.2,0.61969984,1381376.0,1.2940273,0.002215082,0.038025543,0.21953125,1348,142,1790946853.0853088,5.087592,9699.499889351
0.0003,0.13625017,0.78403217,0.2,1.4200759,1382400.0,1.2891316,0.024963902,0.5555953,0.15927735,1349,142,1790946860.318277,2.4659379,9704.501141482
0.0003,0.1357947,0.83271825,0.2,0.6934685,1384448.0,1.2876881,0.006547718,0.08628353,0.24121094,1351,142,1790946874.7997386,19.174976,9719.504010199
0.0003,0.13509673,0.75923944,0.2,0.9459086,1385472.0,1.2953019,-0.0010984625,0.39377284,0.14082031,1352,142,1790946882.029551,0.0101259,9729.505738931
0.0003,0.13518721,0.7533406,0.2,1.1259053,1388544.0,1.295737,0.0028495502,0.25177884,0.16591796,1355,142,1790946903.9925508,1.3149467,9749.510469226
0.0003,0.13584512,0.7647759,0.2,0.9983137,1390592.0,1.2937927,0.005711395,0.053779513,0.17089844,1357,142,1790946918.6472669,0.17659187,9764.513590053
0.0003,0.13541976,0.9369893,0.2,0.25896484,1392640.0,1.2963368,0.0030737496,0.023190642,0.17998047,1359,142,1790946933.250345,0.8547256,9779.516629473
0.0003,0.13428886,0.70263493,0.2,2.8100886,1394688.0,1.3099905,0.0057732095,1.3157529,0.09804688,1361,142,1790946947.8435278,0.3937844,9794.519923894
0.0003,0.13246271,0.72205687,0.2,2.7432323,1398784.0,1.3302225,0.0016280321,0.9139093,0.16582032,1365,142,1790946976.831346,0.047981113,9824.528486406
0.0003,0.13221075,0.76308686,0.2,2.2916842,1401856.0,1.3335559,0.009737107,1.0591376,0.1430664,1368,142,1790946998.3547378,0.18761477,9844.533932674
0.0003,0.13213727,0.7681134,0.2,3.131815,1402880.0,1.3330761,0.0016362638,0.87500596,0.11289062,1369,142,1790947005.5378067,1.2234128,9849.53541582
0.0003,0.13172789,0.8787137,0.2,0.66821,1404928.0,1.3361027,0.01874233,0.07779409,0.18544921,1371,142,1790947019.811064,1.6361792,9864.539425026
0.0003,0.13044564,0.77307075,0.2,3.572121,1406976.0,1.3638625,0.0007679062,1.2757162,0.09394531,1373,142,1790947034.0974889,0.087249324,9879.542859144
0.0003,0.12987414,0.7091591,0.2,1.3132546,1409024.0,1.3723297,0.003666766,0.19703151,0.2243164,1375,142,1790947048.441218,1.8263901,9894.545260351
0.0003,0.13163021,0.7558828,0.2,1.325636,1410048.0,1.3681116,-0.003152413,0.6783947,0.15439454,1376,142,1790947055.6736717,0.09334399,9899.546002394
0.0003,0.13810097,0.8958307,0.2,0.7840465,1414144.0,1.2792207,-0.00030307102,0.43087694,0.16464844,1380,142,1790947084.760302,0.014046865,9929.553816807
0.0003,0.1397436,0.8956159,0.2,0.7883348,1416192.0,1.2433141,0.0037905516,0.37954247,0.19169922,1382,142,1790947099.3364494,0.017943583,9944.557462595
0.0003,0.13908578,0.8526311,0.2,1.24713,1418240.0,1.2473197,0.010812001,0.8633256,0.16767578,1384,142,1790947113.9352112,0.45951065,9959.56033546
0.0003,0.13865378,0.89581007,0.2,0.7924664,1421312.0,1.258027,0.007161119,0.47417796,0.16435547,1387,142,1790947135.8281248,0.013424591,9979.566083882
0.0003,0.13862295,0.8978794,0.2,0.7803866,1422336.0,1.2551061,0.005430543,0.4234757,0.1453125,1388,142,1790947143.1446366,0.016018024,9989.568441191
0.0003,0.13847414,0.6902114,0.2,3.4847872,1424384.0,1.2523278,0.0016019995,2.0172544,0.10234375,1390,142,1790947157.7340944,0.65957874,10004.571836642
0.0003,0.1403694,0.7210809,0.2,2.2043612,1428480.0,1.2527809,0.007441212,1.3690978,0.20595703,1394,142,1790947186.682008,0.32638764,10034.578668987
0.0003,0.14130408,0.78296894,0.2,1.1596445,1431552.0,1.2484261,0.0026437447,0.07028211,0.17392579,1397,142,1790947208.3267107,0.8755918,10054.583086735
0.0003,0.14289856,0.88680136,0.2,0.725258,1433600.0,1.2423735,0.0052275187,0.26503208,0.13359375,1399,142,1790947222.5716963,0.014538762,10069.586818343
0.0003,0.14355043,0.84740645,0.2,1.4502186,1434624.0,1.2233458,0.0033087926,2.0118532,0.14892578,1400,142,1790947229.7099438,0.5044799,10074.588009649
0.0003,0.14433537,0.7406731,0.2,2.8949122,1435648.0,1.2146182,0.0010075003,3.379538,0.17285156,1401,142,1790947236.8369687,1.131318,10084.589834853
0.0003,0.14311634,0.7989311,0.2,0.63642716,1439744.0,1.2281077,0.0029076608,0.08216753,0.20263672,1405,142,1790947265.3474023,0.816898,10109.596497128
0.0003,0.14328863,0.86288124,0.2,0.5199924,1440768.0,1.2378014,0.0024799658,0.05549801,0.14833984,1406,142,1790947272.4506423,0.107898526,10119.598838161
0.0003,0.14321043,0.76234853,0.2,2.2121506,1442816.0,1.2414869,0.0018111768,0.91157526,0.09443359,1408,142,1790947286.779208,0.055972695,10134.600978167
0.0003,0.14327757,0.7226726,0.2,3.7388206,1445888.0,1.2469139,0.0036953695,2.103776,0.14365235,1411,142,1790947308.1751456,0.6208403,10154.605112642
0.0003,0.14268394,0.859408,0.2,0.95979923,1446912.0,1.2502388,0.010094865,0.48197603,0.1919922,1412,142,1790947315.3264608,0.010256589,10159.60642714
0.0003,0.14233544,0.8384898,0.2,1.4076571,1447936.0,1.2515132,0.010168829,0.429784,0.19072266,1413,142,1790947322.498227,0.11315715,10169.608279894
0.0003,0.13895263,0.8093903,0.2,1.7406005,1449984.0,1.289829,-0.0009139184,2.1763191,0.12011719,1415,142,1790947336.7460537,0.11600145,10184.612299196
0.0003,0.13952693,0.8580133,0.2,1.1407471,1451008.0,1.2999022,0.008227425,0.34893227,0.20273438,1416,142,1790947343.9030855,0.03802927,10189.61351423
0.0003,0.13944957,0.851996,0.2,1.4241081,1452032.0,1.2925625,0.0031386865,0.956841,0.16201171,1417,142,1790947351.0109177,0.45266578,10194.614861033
0.0003,0.13849686,0.7623558,0.2,2.526409,1455104.0,1.304626,0.005549888,0.63703793,0.16826172,1420,142,1790947372.5236661,0.12964775,10219.620621979
0.0003,0.13853788,0.85512173,0.2,1.1669512,1459200.0,1.3011011,0.0043640616,0.63664263,0.1774414,1424,142,1790947401.268463,0.29815853,10244.627065491
0.0003,0.13789572,0.8253189,0.2,1.4902959,1460224.0,1.3038584,0.0035593335,0.39964727,0.18310547,1425,142,1790947408.4709184,1.9858437,10254.628450929
0.0003,0.13545032,0.76036453,0.2,2.2008183,1462272.0,1.3253156,0.0048015625,1.5250821,0.13945313,1427,142,1790947422.9472394,1.5989921,10269.631914475
0.0003,0.13458286,0.7608148,0.2,2.6553729,1463296.0,1.3391222,0.004017941,0.4904207,0.15361328,1428,142,1790947430.153536,1.4953996,10274.633421162
0.0003,0.13454857,0.77557075,0.2,2.0586288,1464320.0,1.3437641,0.0011533387,2.3317218,0.12412109,1429,142,1790947437.3789294,2.2078974,10284.63615098
0.0003,0.13445012,0.7832302,0.2,1.8179348,1465344.0,1.345082,-0.00050367136,1.3282921,0.1685547,1430,142,1790947444.6138785,0.91499925,10289.637632847
0.0003,0.13457698,0.7351788,0.2,2.270298,1466368.0,1.3475343,0.0034901542,0.98682487,0.13164063,1431,142,1790947451.8509274,1.1194389,10299.639815526
0.0003,0.13455212,0.7774409,0.2,1.9970021,1468416.0,1.3523854,0.007422496,2.4629767,0.18574218,1433,142,1790947466.3060017,0.54185283,10314.645667834
0.0003,0.13686854,0.7729306,0.2,1.0284075,1473536.0,1.320201,0.008484188,0.1083674,0.19365235,1438,142,1790947502.4020247,0.018131088,10349.653364502
0.0003,0.13596772,0.78329396,0.2,1.0952456,1474560.0,1.328532,0.0031556163,0.07793741,0.13408203,1439,142,1790947509.7238543,0.010867309,10354.654883242
0.0003,0.1364811,0.7864147,0.2,1.1121801,1477632.0,1.325257,0.005143271,0.17339024,0.17851563,1442,142,1790947531.3825371,0.33873704,10379.661836548
0.0003,0.1350279,0.8278126,0.2,0.6494541,1479680.0,1.3316798,0.0022877909,0.5623095,0.1415039,1444,142,1790947545.8880057,1.191434,10389.665123512
0.0003,0.13388902,0.7780062,0.2,0.97832507,1480704.0,1.3418318,0.004053013,0.19477181,0.1439453,1445,142,1790947553.1887283,0.008435766,10399.6666274
0.0003,0.13440786,0.789163,0.2,1.0047634,1481728.0,1.3438712,0.004651217,0.12758535,0.16884765,1446,142,1790947560.47577,0.014244361,10404.668274882
0.0003,0.1350644,0.78805774,0.2,1.1146119,1482752.0,1.3384651,0.0007827179,0.3309126,0.18789062,1447,142,1790947567.7739384,0.022266157,10414.670298499
0.0003,0.13519436,0.7795185,0.2,1.1529278,1487872.0,1.3217899,0.008086549,0.085099004,0.22490235,1452,142,1790947604.1115956,0.009176023,10449.678765219
0.0003,0.13467345,0.7617562,0.2,1.3729386,1489920.0,1.3338665,0.007677384,0.19357392,0.11367188,1454,142,1790947618.3795836,0.02029586,10464.682136028
0.0003,0.1349283,0.74303675,0.2,1.4171876,1491968.0,1.3332108,0.0048248037,0.36001658,0.16220704,1456,142,1790947632.7026212,0.011610855,10479.68463444
0.0003,0.13568336,0.7941257,0.2,0.9673787,1492992.0,1.329625,0.0020297745,1.0922669,0.14902344,1457,142,1790947639.8978572,0.018929344,10484.686379405
0.0003,0.13544483,0.69207793,0.2,1.9451699,1495040.0,1.3277313,0.010976668,1.084761,0.20449218,1459,142,1790947654.360911,3.845902,10499.692743457
0.0003,0.13682464,0.804708,0.2,1.1781013,1496064.0,1.3201927,0.0029335502,0.10887894,0.13447265,1460,142,1790947661.5697865,1.7482591,10509.695218656
0.0003,0.13613646,0.68925977,0.2,2.636449,1497088.0,1.3140032,0.009327285,0.7403611,0.10429688,1461,142,1790947668.7415633,0.9200081,10514.696508973
0.0003,0.13492014,0.6868261,0.2,3.871411,1501184.0,1.3505855,0.0013015104,0.48937452,0.13701172,1465,142,1790947697.6886392,2.6179876,10544.702257634
0.0003,0.13484508,0.77894974,0.2,2.6623182,1504256.0,1.3670701,0.012804991,1.8674244,0.18671875,1468,142,1790947719.2832026,0.63256526,10564.706534034
0.0003,0.1356935,0.7247635,0.2,3.3133636,1506304.0,1.3578466,0.0045569106,2.0533664,0.16152343,1470,142,1790947733.6491485,1.7946088,10579.709371887
0.0003,0.1332207,0.72369885,0.2,2.7148619,1510400.0,1.3841474,0.015915208,0.8477084,0.16425781,1474,142,1790947762.6388528,6.4385524,10609.716808041
0.0003,0.13313462,0.718161,0.2,1.428696,1511424.0,1.3914448,0.01327903,0.14833261,0.26308593,1475,142,1790947769.8371234,2.2605677,10614.718981258
0.0003,0.13251889,0.7156937,0.2,2.3418179,1512448.0,1.4009717,0.006256753,0.14337464,0.13603516,1476,142,1790947777.0840645,0.6762419,10624.721419395
0.0003,0.13331582,0.8062597,0.2,1.8740729,1513472.0,1.4041531,0.010270946,0.91224164,0.19072266,1477,142,1790947784.3117616,4.363215,10629.722397071
0.0003,0.13159662,0.68568015,0.2,2.2590508,1514496.0,1.4099854,0.010754152,0.7502771,0.20595703,1478,142,1790947791.5182898,1.6890216,10639.723368566
0.0003,0.13101575,0.7140489,0.2,3.2419996,1515520.0,1.4272013,0.008569403,2.0041578,0.18642578,1479,142,1790947798.7540781,6.800901,10644.724657657
0.0003,0.13019565,0.8396197,0.2,1.0646701,1517568.0,1.4412363,0.008648112,1.8874297,0.20302734,1481,142,1790947813.265154,0.6140928,10659.728495538
0.0003,0.12921792,0.7092711,0.2,2.2357976,1518592.0,1.448288,0.00608849,6.6372705,0.15166016,1482,142,1790947820.5280182,0.43343422,10664.729944117
0.0003,0.12798144,0.76184094,0.2,1.7223765,1520640.0,1.4703307,0.008526884,0.13867545,0.19433594,1484,142,1790947835.0801158,0.18471615,10679.733444806
0.0003,0.12821345,0.680989,0.2,2.8171995,1522688.0,1.47128,0.01857329,0.110460214,0.22148438,1486,142,1790947849.5951974,5.9710913,10694.736977216
0.0003,0.12854561,0.9631888,0.2,0.1262122,1524736.0,1.461786,0.01733913,0.014296062,0.2824219,1488,142,1790947864.1692803,12.435016,10709.740653356
0.0003,0.1283939,0.65549564,0.2,2.8727784,1525760.0,1.469567,0.018741569,2.1925812,0.14179687,1489,142,1790947871.411433,2.0262833,10719.742416617
0.0003,0.12752232,0.91082436,0.2,0.26044682,1527808.0,1.484388,0.007779978,0.042068355,0.1350586,1491,142,1790947885.9691312,0.12040186,10729.744757794
0.0003,0.1279925,0.6031363,0.2,2.4493687,1528832.0,1.4835167,0.009497355,0.022331541,0.21064453,1492,142,1790947893.2276788,0.3387773,10739.747452285
0.0003,0.1294645,0.9243881,0.2,0.23212618,1532928.0,1.4746497,0.009082128,1.3607959,0.16376953,1496,142,1790947922.2817285,0.0076595973,10769.756170579
0.0003,0.12957665,0.93382573,0.2,0.26248702,1533952.0,1.4688567,0.0080680605,0.056174032,0.16054687,1497,142,1790947929.5537536,0.027978063,10774.75736618
0.0003,0.12808001,0.9125988,0.2,0.44313183,1536000.0,1.4847684,0.0011937764,0.051317796,0.20927735,1499,142,1790947944.1130528,0.16920583,10789.760042512
0.0003,0.12697995,0.9785852,0.2,0.09798396,1537024.0,1.4966947,0.004442116,0.050582282,0.1397461,1500,142,1790947951.4095042,0.6355419,10799.76104851
0.0003,0.12808937,0.9802968,0.2,0.090080366,1538048.0,1.4914757,0.0074449037,0.06834726,0.15722656,1501,142,1790947958.6756756,3.194642,10804.762119927
0.0003,0.12769213,0.93004286,0.2,0.33378807,1539072.0,1.4893937,0.009287797,0.08771595,0.18349609,1502,142,1790947965.8922021,4.455856,10809.763777388
0.0003,0.1268864,0.66461384,0.2,3.1490154,1541120.0,1.4865235,0.014983719,1.6859282,0.18095703,1504,142,1790947980.4470992,2.197517,10824.765620888
0.0003,0.12654175,0.63391995,0.2,3.304379,1542144.0,1.4921849,0.00805163,2.91091,0.20634766,1505,142,1790947987.7319615,5.7316084,10834.767153496
0.0003,0.12736553,0.8662708,0.2,1.0935603,1546240.0,1.4731969,0.0018475426,0.37344652,0.15917969,1509,142,1790948016.9083292,0.03547191,10864.773442406
0.0003,0.12704292,0.8797988,0.2,0.8867657,1547264.0,1.4704992,0.0026170698,0.41876522,0.1116211,1510,142,1790948024.2048476,0.011007406,10869.77615523
0.0003,0.12598923,0.7388383,0.2,3.3117802,1550336.0,1.4762887,0.003388665,1.5509009,0.15019532,1513,142,1790948046.031839,1.7549484,10889.780162383
0.0003,0.12353888,0.9781728,0.2,0.102430336,1552384.0,1.5107462,0.012446162,0.043667406,0.22226563,1515,142,1790948060.6264544,3.3294492,10904.783002477
0.0003,0.12650366,0.89543134,0.2,0.7751439,1554432.0,1.4784045,0.0010069779,0.34922263,0.12919922,1517,142,1790948075.2113776,1.7908128,10919.786757348
0.0003,0.12569636,0.78374875,0.2,2.2239203,1556480.0,1.4678936,0.003418987,0.2229651,0.15546875,1519,142,1790948089.7568562,2.2010603,10934.791284968
0.0003,0.12517467,0.793738,0.2,2.203623,1566720.0,1.4885877,-0.0022404483,0.47432327,0.11669922,1529,142,1790948158.7992127,0.78787524,11004.809539401
0.0003,0.12639105,0.8730353,0.2,0.8944015,1567744.0,1.4844352,0.00430786,0.40173513,0.15029296,1530,142,1790948165.1133487,0.11588248,11009.810869178
0.0003,0.12528045,0.8445978,0.2,1.1969625,1568768.0,1.4826448,-0.00037508967,0.42284134,0.17158203,1531,142,1790948171.4503949,0.33124685,11014.811649637
0.0003,0.12525661,0.8943,0.2,0.7955652,1569792.0,1.4929023,0.003675498,0.41627377,0.084179685,1532,142,1790948177.7857325,0.0043306947,11024.813058483
0.0003,0.124312095,0.80882144,0.2,2.03374,1572864.0,1.5039014,0.0054105846,2.0179455,0.13828126,1535,142,1790948197.3658123,2.7815762,11039.81772884
0.0003,0.124147356,0.85438913,0.2,1.1437621,1573888.0,1.5057865,0.006778196,0.35127157,0.24746093,1536,142,1790948203.6565003,0.21109745,11049.819829557
0.0003,0.1231018,0.8344635,0.2,1.4287623,1574912.0,1.5144796,0.004980006,0.49386355,0.17568359,1537,142,1790948209.9775121,0.023978394,11054.820882955
0.0003,0.12365231,0.8505862,0.2,1.4343193,1579008.0,1.5192001,0.008565025,0.3820595,0.19833985,1541,142,1790948235.1830711,0.08353405,11079.828067959
0.0003,0.122088954,0.89527446,0.2,0.72103786,1580032.0,1.5336813,0.010954982,0.2932845,0.20136718,1542,142,1790948242.0847867,0.015765052,11089.829343635
0.0003,0.12195292,0.89676344,0.2,0.76971745,1581056.0,1.5503211,0.009434005,0.41209668,0.20048828,1543,142,1790948249.3814247,0.022640876,11094.83195184
0.0003,0.12277736,0.89348274,0.2,0.7570103,1583104.0,1.546485,0.004316598,0.34028965,0.16298828,1545,142,1790948264.009602,0.010203594,11109.837544515
0.0003,0.12320714,0.8969121,0.2,0.7477364,1584128.0,1.5412568,0.0038683033,0.3252872,0.17548828,1546,142,1790948271.2879107,0.017547708,11114.83852923
0.0003,0.123631045,0.9002829,0.2,0.75337327,1585152.0,1.5413678,0.0059338906,0.3478504,0.11787109,1547,142,1790948278.5491786,0.020194344,11124.841422602
0.0003,0.12420448,0.69664747,0.2,2.5482578,1589248.0,1.5233431,-0.0007642008,0.83976126,0.15644531,1551,142,1790948307.6430275,1.6728156,11154.848817772
0.0003,0.122765206,0.88856226,0.2,0.66987467,1591296.0,1.5301313,0.0026753051,0.32424983,0.17148438,1553,142,1790948322.1990585,0.021964524,11169.851988638
0.0003,0.12282334,0.8998514,0.2,0.744575,1592320.0,1.5365708,0.012026288,0.45280743,0.16191407,1554,142,1790948329.468616,0.021127287,11174.853189782
0.0003,0.12501359,0.9056219,0.2,0.69462276,1601536.0,1.4971408,0.0070164907,0.3702354,0.15302734,1563,142,1790948395.0117266,0.059915483,11239.868047335
0.0003,0.1248118,0.8982444,0.2,0.717399,1603584.0,1.4925978,0.003862329,0.38598618,0.17255859,1565,142,1790948409.7004526,0.021391176,11254.87134716
0.0003,0.12464934,0.90596604,0.2,0.69507045,1604608.0,1.4967242,0.004165325,0.33110473,0.13496093,1566,142,1790948417.01514,0.008963706,11264.873362576
0.0003,0.12475511,0.880264,0.2,1.1097689,1606656.0,1.5002697,0.0032049238,0.36629748,0.12148438,1568,142,1790948431.6212614,0.28594044,11279.877962669
0.0003,0.12724894,0.90791166,0.2,0.6773212,1608704.0,1.4701191,0.0017645371,0.2550973,0.1125,1570,142,1790948446.205147,0.006954525,11289.880856719
0.0003,0.1279555,0.8151001,0.2,1.9492488,1610752.0,1.4564222,-0.0006079117,0.9218678,0.21855469,1572,142,1790948460.747981,0.9171559,11304.883980688
0.0003,0.12777784,0.8518549,0.2,1.0159932,1611776.0,1.4507726,0.01467419,0.2570025,0.17802735,1573,142,1790948468.0929925,0.74878705,11314.885702527
0.0003,0.12757686,0.8154632,0.2,1.8313911,1612800.0,1.4527203,0.0042677154,0.43821588,0.20546874,1574,142,1790948475.4073887,2.3790576,11319.887102526
0.0003,0.12927577,0.8966322,0.2,0.65626276,1614848.0,1.4403604,0.0063838465,0.3576015,0.17050782,1576,142,1790948490.0277295,0.019026408,11334.889943171
0.0003,0.12926587,0.90702295,0.2,0.67910606,1616896.0,1.4394704,0.0062116613,0.26437083,0.23164062,1578,142,1790948504.6182034,0.02543139,11349.893425805
0.0003,0.12954274,0.9064045,0.2,0.69065213,1623040.0,1.4261373,0.009598207,0.2656942,0.16591796,1584,142,1790948548.145922,0.014455196,11394.903397472
0.0003,0.12999701,0.90989524,0.2,0.6811204,1625088.0,1.4208422,-0.0011565209,0.36307418,0.11875,1586,142,1790948562.6230159,0.01104639,11409.90757719
0.0003,0.13029681,0.9107648,0.2,0.6844053,1626112.0,1.4151615,0.0069327867,0.3415074,0.19228515,1587,142,1790948569.921537,0.013176308,11414.909784739
0.0003,0.13044332,0.9101738,0.2,0.6958546,1629184.0,1.4027611,0.0025251037,0.42348403,0.121679686,1590,142,1790948591.7888453,0.007367138,11439.916531666
0.0003,0.13045743,0.9103908,0.2,0.68272793,1630208.0,1.3970336,-0.0034275143,0.29044104,0.112695314,1591,142,1790948599.0776541,0.0071467264,11444.918301226
0.0003,0.12986904,0.9144586,0.2,0.6504926,1632256.0,1.4097736,-0.0009767682,0.3520641,0.12617187,1593,142,1790948613.6576688,0.008629086,11459.922834034
0.0003,0.13296694,0.8394408,0.2,0.67102575,1637376.0,1.364156,0.0026831618,0.23066744,0.13476562,1598,142,1790948649.6143646,0.47871125,11494.932432299
0.0003,0.1338398,0.81021786,0.2,1.6014051,1639424.0,1.3576828,0.008974157,0.32728207,0.12597656,1600,142,1790948664.1444802,0.864615,11509.935553576
0.0003,0.13344957,0.75276756,0.2,2.7861674,1640448.0,1.3584044,0.0051168427,1.1416383,0.115039065,1601,142,1790948671.4142778,1.8021632,11514.937431503
0.0003,0.13401324,0.89253765,0.2,0.68094206,1641472.0,1.3575467,0.0048153056,0.26899248,0.15605469,1602,142,1790948678.6861424,0.014131088,11524.940058974
0.0003,0.1339706,0.75373423,0.2,2.4049547,1644544.0,1.3554325,0.0027285526,0.69215703,0.13105468,1605,142,1790948700.5072162,0.49854028,11544.944824536
0.0003,0.13211228,0.7582421,0.2,3.6335309,1651712.0,1.392082,0.00011358959,2.607497,0.13867188,1612,142,1790948751.0119371,0.748562,11594.954430856
0.0003,0.13090155,0.8286786,0.2,5.116056,1653760.0,1.4124007,0.021994825,0.29072198,0.2948242,1614,142,1790948765.521151,0.09155266,11609.960028624
0.0003,0.13106579,0.74598557,0.2,3.867572,1654784.0,1.4183705,0.011989747,1.6388816,0.19658203,1615,142,1790948772.7464266,0.018389799,11619.961789114
0.0003,0.13126369,0.7808981,0.2,4.167858,1655808.0,1.4200572,0.0010284513,0.77051365,0.1475586,1616,142,1790948780.006187,0.010183742,11624.963280433
0.0003,0.13299872,0.8430577,0.2,3.1501658,1656832.0,1.4103671,0.008107758,0.8151788,0.19726562,1617,142,1790948787.2561624,0.011751719,11634.964810537
0.0003,0.13290352,0.8696128,0.2,2.8688116,1658880.0,1.4020112,0.0039302045,0.6387957,0.15244141,1619,142,1790948801.7782369,0.009812181,11649.968145527
0.0003,0.13298109,0.8433154,0.2,3.0375485,1659904.0,1.4063271,0.005333854,0.72638535,0.16191407,1620,142,1790948809.040138,0.0093435,11654.969827072
0.0003,0.13330786,0.7935872,0.2,4.2889876,1662976.0,1.417694,0.0060420977,1.2409611,0.16640624,1623,142,1790948830.6235318,0.3940732,11674.974205673
0.0003,0.13295513,0.78308666,0.2,3.6922421,1666048.0,1.420249,1.0703719e-05,1.2334294,0.10390625,1626,142,1790948852.1101394,0.0077658277,11699.978953452
0.0003,0.13188359,0.8184666,0.2,4.5668826,1667072.0,1.4277691,0.0036796748,7.129693,0.16376953,1627,142,1790948859.226071,0.018145727,11704.980438633
0.0003,0.13196263,0.86250395,0.2,2.7610302,1670144.0,1.4402019,0.0014290676,0.58533037,0.13144532,1630,142,1790948880.5644333,0.0111294,11724.985720855
0.0003,0.13047731,0.87094504,0.2,3.0417001,1671168.0,1.4526002,0.013115823,5.4282455,0.24785157,1631,142,1790948887.8045373,0.023153424,11734.988410559
0.0003,0.12701464,0.83273005,0.2,3.1088324,1674240.0,1.498466,0.0021630246,0.5217489,0.14199218,1634,142,1790948909.529105,0.013166,11754.997759536
0.0003,0.12982933,0.95830494,0.2,0.97045606,1677312.0,1.4737788,0.008259789,1.3933789,0.19208984,1637,142,1790948931.3937333,0.01932497,11775.001186816
0.0003,0.12964329,0.8670478,0.2,2.7258046,1682432.0,1.4896073,0.00042810082,1.894805,0.13544922,1642,142,1790948967.5596533,0.01602906,11815.009093096
0.0003,0.13068789,0.7696195,0.2,1.5556302,1683456.0,1.4883533,0.014055727,0.4115446,0.18144532,1643,142,1790948974.7748244,3.345953,11820.010578715
0.0003,0.13091725,0.7776067,0.2,3.2985415,1684480.0,1.4794748,0.00043537372,1.109673,0.07861328,1644,142,1790948982.0323374,0.009853609,11830.012444989
0.0003,0.13119486,0.92206526,0.2,1.7803068,1689600.0,1.4743541,0.00867761,1.0682769,0.21376953,1649,142,1790949018.295942,0.013873424,11865.024745661
0.0003,0.12933868,0.9229106,0.2,1.3208207,1691648.0,1.5118746,0.01280063,0.6399306,0.22441407,1651,142,1790949032.7728891,0.013801467,11880.028025086
0.0003,0.1271295,0.9323853,0.2,1.2568321,1694720.0,1.5447569,0.005765878,0.68867785,0.109472655,1654,142,1790949054.519743,0.0098721245,11900.033174653
0.0003,0.1279169,0.93497586,0.2,1.2391899,1696768.0,1.545353,0.009385082,0.5530251,0.15341797,1656,142,1790949069.0868437,0.013531147,11915.037296139
0.0003,0.12823375,0.9316551,0.2,1.207441,1697792.0,1.5412307,0.00057183206,0.59867024,0.11142578,1657,142,1790949076.349728,0.008818055,11920.043326971
0.0003,0.12790972,0.9345116,0.2,1.5614195,1698816.0,1.5415058,0.0036836464,0.7448847,0.15488282,1658,142,1790949083.6273692,0.020879319,11930.045949808
0.0003,0.12698653,0.93584067,0.2,1.3309202,1700864.0,1.5604439,0.004303971,0.7270068,0.14072266,1660,142,1790949098.1874397,0.0071327984,11945.048737199
0.0003,0.12802793,0.926164,0.2,1.1368483,1701888.0,1.5603366,0.004776775,0.5539613,0.16435547,1661,142,1790949105.4215834,0.017188068,11950.049680146
0.0003,0.12577052,0.9252432,0.2,1.1658385,1704960.0,1.5809046,0.005091826,0.48666945,0.14921875,1664,142,1790949127.2218418,0.011789226,11975.053823525
0.0003,0.12623134,0.9389118,0.2,1.143971,1705984.0,1.5773863,0.0054256576,0.52997357,0.1618164,1665,142,1790949134.5083182,0.012868246,11980.05479601
0.0003,0.12661435,0.93799603,0.2,1.2603307,1707008.0,1.5679764,0.00064723275,0.62689596,0.111523435,1666,142,1790949141.7609124,0.009491999,11990.057802882
0.0003,0.12601247,0.93755007,0.2,1.1614544,1708032.0,1.5657432,0.0031623796,0.59716374,0.12021484,1667,142,1790949148.9902995,0.010139659,11995.059257341
0.0003,0.12542023,0.9404124,0.2,1.1646811,1709056.0,1.5785629,0.0035271067,0.6651942,0.09238281,1668,142,1790949156.2258742,0.010251422,12000.061005896
0.0003,0.12557474,0.93809503,0.2,1.1497453,1710080.0,1.5872455,0.004449152,0.57777107,0.15341797,1669,142,1790949163.4065952,0.008486756,12010.063286071
0.0003,0.12603843,0.9263345,0.2,2.0215886,1712128.0,1.5846627,0.010205082,1.2117952,0.20107421,1671,142,1790949177.8553116,0.012689944,12025.066828206
0.0003,0.12615699,0.91517717,0.2,1.160696,1713152.0,1.5817056,0.0091278665,0.35637122,0.21826172,1672,142,1790949185.08196,0.025455263,12030.067831604
0.0003,0.12670475,0.9405251,0.2,1.1405754,1716224.0,1.5692171,0.007850638,0.5418677,0.16660157,1675,142,1790949206.980959,0.013828524,12055.075032272
0.0003,0.12609825,0.93891305,0.2,1.1625028,1717248.0,1.5704377,0.0036587436,0.6556819,0.11806641,1676,142,1790949214.3165789,0.0102217775,12060.075700526
0.0003,0.12639132,0.93867064,0.2,1.1462888,1718272.0,1.5756333,0.00022860267,0.58806175,0.13007812,1677,142,1790949221.625311,0.008634312,12065.077164061
0.0003,0.125924,0.94338304,0.2,1.0917628,1719296.0,1.5705603,0.0017975974,0.53773797,0.13886718,1678,142,1790949228.9459374,0.01082624,12075.079088673
0.0003,0.1250353,0.94000024,0.2,1.276614,1721344.0,1.572045,0.0032304167,0.51504374,0.13291016,1680,142,1790949243.2194781,0.020625547,12090.083444759
0.0003,0.12270443,0.92057174,0.2,1.4811349,1724416.0,1.6137711,0.013315721,1.1191516,0.24208984,1683,142,1790949264.711393,0.012553308,12110.086837118
0.0003,0.12337285,0.9413105,0.2,1.109912,1726464.0,1.6230552,0.005521817,0.5857274,0.12910156,1685,142,1790949278.9023342,0.004369814,12125.09127347
0.0003,0.12299864,0.94096065,0.2,1.0976042,1727488.0,1.6232442,0.0058016214,0.5413643,0.1703125,1686,142,1790949286.0038671,0.020354899,12130.092456061
0.0003,0.12219169,0.9451378,0.2,1.0560732,1728512.0,1.6344771,0.011172969,0.53989565,0.21347657,1687,142,1790949293.0948756,0.017455567,12140.093791234
0.0003,0.123897105,0.8871356,0.2,0.92631394,1731584.0,1.6101537,0.009063777,0.34296492,0.18251953,1690,142,1790949314.3681798,0.021511823,12160.098172444
0.0003,0.12444228,0.72393644,0.2,1.4817177,1733632.0,1.6002406,0.012146448,0.14769234,0.2553711,1692,142,1790949328.898863,3.9797242,12175.101210518
0.0003,0.124249056,0.7163695,0.2,3.0048723,1734656.0,1.5990328,0.025556222,0.34077793,0.2475586,1693,142,1790949336.1200054,1.6489255,12180.103559333
0.0003,0.12234217,0.83730865,0.2,0.9780214,1736704.0,1.6160595,0.0074909525,0.33221295,0.17109375,1695,142,1790949350.678612,3.373472,12195.107230768
0.0003,0.121631265,0.8204541,0.2,0.23985375,1737728.0,1.6243998,0.008459424,0.05984199,0.24326172,1696,142,1790949357.9527836,7.2557144,12205.109071227
0.0003,0.12113972,0.8018466,0.2,1.4586766,1738752.0,1.6370335,0.023292284,0.39623854,0.2196289,1697,142,1790949365.207235,7.915409,12210.110571541
0.0003,0.122066915,0.73980653,0.2,3.121092,1739776.0,1.6335601,0.016752392,2.4554725,0.28632814,1698,142,1790949372.498937,8.922499,12220.11286944
0.0003,0.12177377,0.9844013,0.2,0.081466384,1741824.0,1.6288375,0.0136580765,0.028108716,0.1899414,1700,142,1790949387.107623,0.96604645,12235.115389287
0.0003,0.120726846,0.6351462,0.2,4.081215,1745920.0,1.6427175,0.010252763,0.28147015,0.19902344,1704,142,1790949415.971144,0.012080315,12260.121299601
0.0003,0.11783513,0.9860196,0.2,0.05361813,1748992.0,1.6925919,0.009838385,-0.045384753,0.18720703,1707,142,1790949437.7073877,0.46429968,12285.126348075
0.0003,0.117172435,0.9891445,0.2,0.036222253,1751040.0,1.6963485,0.0059328056,0.017770912,0.20683594,1709,142,1790949452.0946035,0.015658258,12300.130563238
0.0003,0.11558497,0.9901213,0.2,0.032528985,1752064.0,1.7164598,0.018794952,0.013047306,0.29169923,1710,142,1790949459.3839812,0.015213946,12305.133756239
0.0003,0.11528465,0.54329544,0.2,5.586927,1753088.0,1.7290009,0.02241079,4.816894,0.26591796,1711,142,1790949466.666725,0.3205416,12310.135376821
0.0003,0.11476086,0.90958476,0.2,0.09083166,1755136.0,1.7373053,0.009662267,0.03781537,0.24833985,1713,142,1790949481.1483705,3.670904,12325.1390278
0.0003,0.1152805,0.70609343,0.2,3.09655,1756160.0,1.7392757,0.009556923,0.34344938,0.14902344,1714,142,1790949488.4311001,12.20126,12335.141248898
0.0003,0.11506565,0.53231275,0.2,6.506467,1757184.0,1.736193,-0.0033222944,1.8252676,0.13408203,1715,142,1790949495.698178,5.4610877,12340.142710108
0.0003,0.1136684,0.8312987,0.2,1.0275557,1759232.0,1.7485104,0.006373438,0.0391527,0.25859374,1717,142,1790949510.1154194,7.8178635,12355.146049349
0.0003,0.11346695,0.7928139,0.2,1.0013869,1761280.0,1.7545803,0.02406145,0.06937728,0.19238281,1719,142,1790949524.695013,6.873946,12370.149937345
0.0003,0.11304747,0.98592144,0.2,0.0438295,1762304.0,1.7610489,0.018990576,0.01053345,0.29072267,1720,142,1790949531.9782312,41.1298,12380.152563089
0.0003,0.11389275,0.76741254,0.2,1.8302395,1765376.0,1.7570213,0.0098469285,0.45544428,0.21777344,1723,142,1790949554.0796704,0.7281797,12400.157100383
0.0003,0.113174304,0.6760614,0.2,3.073944,1767424.0,1.7657295,0.012189675,6.504904,0.13134766,1725,142,1790949568.8267844,1.6659048,12415.161270976
0.0003,0.111551486,0.7011447,0.2,2.952378,1770496.0,1.7906308,0.010335462,2.3525114,0.17802735,1728,142,1790949590.8088334,2.0838685,12435.165568161
0.0003,0.11095229,0.77994853,0.2,2.219374,1771520.0,1.7991111,0.012958123,2.9408917,0.22753906,1729,142,1790949598.1136434,11.734097,12445.167523518
0.0003,0.110694036,0.6863103,0.2,3.3643074,1784832.0,1.8004174,0.002977983,0.08653359,0.17353515,1742,142,1790949693.3193488,0.018155806,12540.190718664
0.0003,0.11071053,0.68020725,0.2,4.08146,1785856.0,1.7985073,0.007223305,1.0186335,0.19404297,1743,142,1790949700.643724,0.0072945487,12545.191973955
0.0003,0.110436514,0.7468058,0.2,4.045156,1786880.0,1.7994297,0.0002749751,0.8182003,0.15195313,1744,142,1790949708.0128338,0.06947087,12555.193949635
0.0003,0.11119316,0.7371217,0.2,3.8739529,1787904.0,1.7980694,0.0019589476,2.7483,0.20517579,1745,142,1790949715.3798022,0.010303088,12560.195445563
0.0003,0.110884555,0.76931775,0.2,5.2396665,1788928.0,1.7990098,-0.0014921965,3.1991594,0.15859374,1746,142,1790949722.652764,0.016882636,12570.197776657
0.0003,0.11120644,0.7633611,0.2,4.3288755,1789952.0,1.8030313,0.0016007654,1.6588529,0.1515625,1747,142,1790949730.045443,0.018962014,12575.199098412
0.0003,0.11083784,0.75647104,0.2,4.26259,1790976.0,1.80799,0.0026318487,1.9039537,0.109472655,1748,142,1790949737.3567588,0.13616745,12585.200477518
0.0003,0.10911125,0.68836,0.2,4.2120094,1792000.0,1.8211,0.020113096,3.8346393,0.2609375,1749,142,1790949744.7181616,0.4842932,12590.201641965
0.0003,0.10874287,0.75244224,0.2,4.1470942,1793024.0,1.8363446,0.005913377,6.3969164,0.19609375,1750,142,1790949752.0999153,0.013945706,12600.203465824
0.0003,0.10952143,0.7920159,0.2,3.9403856,1794048.0,1.8313715,0.0026468763,1.204459,0.15986328,1751,142,1790949759.4348884,0.009601077,12605.204578117
0.0003,0.110029034,0.8106767,0.2,4.216859,1795072.0,1.8219945,0.0007707721,0.62838936,0.15771484,1752,142,1790949766.7691236,0.012587499,12615.207561431
0.0003,0.108893394,0.8625538,0.2,4.032367,1796096.0,1.826644,0.007145886,7.5353856,0.1986328,1753,142,1790949774.1050997,0.02099873,12620.209289669
0.0003,0.10947882,0.8527362,0.2,2.8348124,1798144.0,1.8314459,0.006018198,0.796742,0.21972656,1755,142,1790949788.749572,0.014386849,12635.213373003
0.0003,0.1087842,0.89345855,0.2,2.1151733,1799168.0,1.831519,0.007977044,0.76873,0.2722656,1756,142,1790949796.0859413,0.033368118,12640.214724666
0.0003,0.108164355,0.9349611,0.2,1.1774278,1802240.0,1.8305236,0.0055388813,0.56022006,0.15703125,1759,142,1790949817.9119546,0.017503703,12665.219932634
0.0003,0.10739759,0.93644,0.2,1.3045102,1803264.0,1.8445715,0.0036585706,0.58576494,0.13154297,1760,142,1790949825.2295313,0.0113506485,12670.221549377
0.0003,0.10653009,0.8686243,0.2,2.4969273,1804288.0,1.8553319,0.017127868,0.7116485,0.28203124,1761,142,1790949832.579842,0.024885569,12680.224158827
0.0003,0.10669613,0.81418866,0.2,3.2036972,1805312.0,1.8552561,0.004035023,1.7603289,0.11621094,1762,142,1790949839.8863986,0.009586131,12685.225974054
0.0003,0.10626135,0.7886626,0.2,4.4692516,1807360.0,1.8690814,0.0050330837,3.1719646,0.1508789,1764,142,1790949854.5309563,0.00731781,12700.230985537
0.0003,0.10444705,0.82779706,0.2,3.4980724,1809408.0,1.9002979,0.023597414,0.9253167,0.1897461,1766,142,1790949869.07947,26.172604,12715.235390755
0.0003,0.10328545,0.81409615,0.2,2.4923046,1811456.0,1.9249216,0.02916775,0.551712,0.29316407,1768,142,1790949883.7302413,5.840267,12730.238566879
0.0003,0.10365608,0.7970481,0.2,1.6019229,1812480.0,1.9208627,0.007893462,0.28953308,0.22304687,1769,142,1790949891.0191545,11.080486,12735.240076666
0.0003,0.10304495,0.6953758,0.2,2.1939418,1814528.0,1.9330621,0.008299977,1.3279438,0.21298829,1771,142,1790949905.5149567,0.08786664,12750.243315661
0.0003,0.104130775,0.7665217,0.2,2.793554,1816576.0,1.9209207,0.009695081,1.1029983,0.1303711,1773,142,1790949920.1353693,1.3165952,12765.253333735
0.0003,0.103564106,0.6943691,0.2,2.6475632,1818624.0,1.9279058,0.006965694,1.8578293,0.17060547,1775,142,1790949934.7484128,1.8917762,12780.256492876
0.0003,0.103429385,0.7581419,0.2,1.8373194,1819648.0,1.9327351,0.0029877145,0.5211032,0.15751953,1776,142,1790949942.0559518,1.7466778,12790.258116723
0.0003,0.10293166,0.7561251,0.2,1.9945453,1821696.0,1.9360292,0.0089964345,0.9744843,0.17763671,1778,142,1790949956.6954424,0.14692117,12800.260494496
0.0003,0.102590516,0.64216524,0.2,3.1229718,1824768.0,1.9573251,0.0064652087,0.98635167,0.18876953,1781,142,1790949978.618938,0.047191933,12825.268400185
0.0003,0.10233432,0.6888424,0.2,2.5441144,1825792.0,1.9555255,0.0036199181,0.36601606,0.16386719,1782,142,1790949985.9595263,0.25615823,12830.269026537
0.0003,0.101773314,0.7025559,0.2,2.5731404,1827840.0,1.964988,0.0094577605,2.7707348,0.25263673,1784,142,1790950000.6054265,0.35325205,12845.272523409
0.0003,0.10099542,0.69159234,0.2,2.4135187,1828864.0,1.9741257,0.017657591,1.3571252,0.25224608,1785,142,1790950007.9060018,0.5010515,12855.274314615
0.0003,0.10019314,0.79148316,0.2,1.4589943,1832960.0,1.9871051,0.008286567,0.113755584,0.20185547,1789,142,1790950037.3203223,0.013267494,12885.281327662
0.0003,0.100730985,0.728014,0.2,2.0382886,1835008.0,1.9929922,0.012852289,1.387061,0.17304687,1791,142,1790950052.0087342,17.37869,12900.288218132
0.0003,0.1002552,0.7250187,0.2,2.5712085,1836032.0,1.9901817,0.010699265,0.9540924,0.20117188,1792,142,1790950059.339675,0.7373562,12905.288984654
0.0003,0.10094209,0.67510474,0.2,4.1270804,1837056.0,1.9911147,0.012089685,1.0477213,0.16679688,1793,142,1790950066.6696827,7.952284,12910.290527906
0.0003,0.10077815,0.7174467,0.2,2.0084097,1838080.0,1.990046,0.014982616,1.5501657,0.26044923,1794,142,1790950074.0090182,0.52682096,12920.29318977
0.0003,0.10024532,0.7331698,0.2,2.6458182,1839104.0,1.993848,0.003186726,0.8257685,0.16464844,1795,142,1790950081.3324885,0.7126545,12925.294883284
0.0003,0.10067605,0.6369157,0.2,2.9650323,1840128.0,1.9965231,0.009504986,1.1965631,0.17587891,1796,142,1790950088.6467774,0.28997067,12935.296451099
0.0003,0.100680746,0.71106976,0.2,2.41244,1841152.0,1.9992346,0.008981333,2.5525246,0.16640624,1797,142,1790950096.0078588,0.044104077,12940.29788523
0.0003,0.10042544,0.7027629,0.2,2.877282,1842176.0,2.0006862,0.008362186,3.4419572,0.16445312,1798,142,1790950103.2999704,0.6672511,12950.300446563
0.0003,0.10044855,0.7141065,0.2,2.350225,1843200.0,2.0012336,0.0015511963,0.41615027,0.1296875,1799,142,1790950110.6332312,0.009521816,12955.302580511
0.0003,0.100352034,0.704286,0.2,2.6150792,1846272.0,2.0068908,0.004219099,2.2018263,0.17890625,1802,142,1790950132.5375097,4.6922727,12980.30827171
0.0003,0.09972157,0.6110039,0.2,4.082155,1848320.0,2.0099354,0.0011495582,3.2854266,0.10771485,1804,142,1790950147.2117634,5.1016536,12995.311736709
0.0003,0.10014358,0.71120507,0.2,2.1809158,1849344.0,2.0183177,0.008271697,0.7768403,0.1421875,1805,142,1790950154.583565,1.0015864,13000.313479029
0.0003,0.09732854,0.6276028,0.2,2.946183,1855488.0,2.0698774,0.00022734272,1.4653859,0.18046875,1811,142,1790950198.2585924,0.010270877,13045.322640401
0.0003,0.09795633,0.6093465,0.2,3.4424438,1858560.0,2.072681,0.007356539,0.9462594,0.17373046,1814,142,1790950220.0870485,0.043815956,13065.327781267
0.0003,0.097541094,0.59259605,0.2,4.5769672,1859584.0,2.078939,0.003078034,1.9523804,0.13662109,1815,142,1790950227.459314,2.763063,13075.329031946
0.0003,0.0976372,0.64534295,0.2,2.7218773,1860608.0,2.0845466,0.0041937632,1.2594701,0.24013671,1816,142,1790950234.7550724,0.69368464,13080.330706683
0.0003,0.09752321,0.66239524,0.2,3.1127117,1862656.0,2.0938716,0.015886974,1.1698314,0.28779298,1818,142,1790950249.3455904,1.0878477,13095.334667796
0.0003,0.09578489,0.7269666,0.2,2.187446,1864704.0,2.1256542,0.007846498,2.554394,0.21523437,1820,142,1790950263.961794,9.531097,13110.337835536
0.0003,0.09443145,0.76041245,0.2,2.052735,1866752.0,2.1445794,0.0064715585,0.49508217,0.20595703,1822,142,1790950278.708806,0.26273805,13125.341731508
0.0003,0.09425409,0.71431005,0.2,2.4920828,1869824.0,2.1542695,0.009576165,1.1979088,0.26757812,1825,142,1790950300.7170715,6.4447527,13145.347614742
0.0003,0.09451339,0.7837981,0.2,1.7073023,1870848.0,2.1446524,0.0073866285,3.2051198,0.21308593,1826,142,1790950308.0479739,0.043885693,13155.349353365
0.0003,0.0957531,0.7875541,0.2,1.8033012,1872896.0,2.1386313,0.010031378,0.39228466,0.22197266,1828,142,1790950322.7261834,0.5640983,13170.353262754
0.0003,0.09542483,0.6595277,0.2,2.895789,1873920.0,2.129132,0.010699508,0.60037386,0.22773437,1829,142,1790950330.0870543,0.02771279,13175.354305665
0.0003,0.09793058,0.82673573,0.2,1.132398,1879040.0,2.0988383,0.010166989,0.63474673,0.21972656,1834,142,1790950366.760509,0.014464028,13210.364142654
0.0003,0.09880763,0.7888076,0.2,1.7015108,1880064.0,2.0970736,0.009049162,1.5798721,0.17050782,1835,142,1790950374.0964482,0.0068308655,13220.366211057
0.0003,0.09756535,0.84698534,0.2,1.0970352,1882112.0,2.105693,0.009954882,0.23708244,0.16777344,1837,142,1790950388.7731826,10.713215,13235.369563828
0.0003,0.095678896,0.7552509,0.2,2.0166,1890304.0,2.1495702,0.0075430265,1.2264518,0.21904297,1845,142,1790950447.4251628,2.1537967,13295.383812434
0.0003,0.09527825,0.8533701,0.2,0.8186775,1894400.0,2.158459,0.009552593,0.25449884,0.23818359,1849,142,1790950476.4549532,0.025315125,13320.388553716
0.0003,0.09400214,0.74156225,0.2,2.918148,1895424.0,2.171281,0.0075047165,2.8227336,0.1529297,1850,142,1790950483.8130198,6.8188376,13330.391166352
0.0003,0.09414695,0.74619454,0.2,1.7508931,1896448.0,2.1864076,0.008671025,1.2569722,0.2298828,1851,142,1790950491.0971775,1.259003,13335.39261909
0.0003,0.09384143,0.7661916,0.2,1.8066527,1899520.0,2.1930566,0.009330777,1.3151658,0.24150391,1854,142,1790950513.0048559,0.026553672,13360.397889838
0.0003,0.09436785,0.8117629,0.2,1.4251909,1902592.0,2.19329,0.0070249597,1.4075705,0.19248047,1857,142,1790950535.0095713,0.016941875,13380.402697681
0.0003,0.09460073,0.8047996,0.2,1.4450272,1903616.0,2.1894293,0.009701567,0.8473865,0.25507814,1858,142,1790950542.3447595,0.05572176,13390.40553257
0.0003,0.095324725,0.7806369,0.2,1.6621356,1907712.0,2.171822,0.00925459,0.4178117,0.21152344,1862,142,1790950571.7208872,0.054378245,13415.411445279
0.0003,0.09545355,0.8059279,0.2,1.4530932,1909760.0,2.180092,0.014771658,0.22007486,0.21728516,1864,142,1790950586.3773603,0.013700353,13430.414839079
0.0003,0.09666721,0.7996731,0.2,1.5750524,1911808.0,2.1758277,0.006283298,0.92716753,0.19023438,1866,142,1790950601.075053,0.01612865,13445.418255305
0.0003,0.09693853,0.6389,0.2,2.8512287,1912832.0,2.1773443,0.005700696,0.163214,0.14853516,1867,142,1790950608.4331326,3.0948024,13455.420433566
0.0003,0.09762493,0.8399577,0.2,1.1951278,1913856.0,2.1699717,0.0121854395,0.4192001,0.26582032,1868,142,1790950615.7752297,5.9431963,13460.42196422
0.0003,0.0965813,0.8052012,0.2,1.3076924,1916928.0,2.164419,0.015188673,0.97368276,0.25283203,1871,142,1790950637.7981546,2.0680668,13485.427572281
0.0003,0.09725884,0.74697816,0.2,2.0210676,1918976.0,2.1623087,0.009386848,1.3969079,0.1919922,1873,142,1790950652.5197678,2.4775069,13500.429803717
0.0003,0.09646729,0.8341433,0.2,1.3679445,1920000.0,2.1713314,0.016082335,0.3125572,0.28798828,1874,142,1790950659.8695197,3.4910834,13505.431525304
0.0003,0.095461555,0.7895154,0.2,1.3968949,1921024.0,2.182889,0.004611332,0.6897663,0.24150391,1875,142,1790950667.3090057,0.032744683,13515.433783722
0.0003,0.09393323,0.7964771,0.2,1.4026678,1923072.0,2.2140918,0.009705092,1.3017282,0.2125,1877,142,1790950681.9672897,0.017246101,13530.437641253
0.0003,0.09459465,0.74685097,0.2,2.04038,1926144.0,2.1944816,0.010297231,1.2991767,0.19990234,1880,142,1790950703.934071,0.010456905,13550.442554089
0.0003,0.09574161,0.7796588,0.2,1.5846757,1928192.0,2.1726139,0.0054750703,0.8635468,0.19824219,1882,142,1790950718.6520405,0.01969902,13565.445945272
0.0003,0.09609946,0.8312815,0.2,1.2821755,1932288.0,2.162111,0.021326592,1.4058048,0.30859375,1886,142,1790950747.9262042,0.5925386,13595.454052478
0.0003,0.096047714,0.7605679,0.2,2.0546048,1934336.0,2.1771522,0.013709249,5.4134917,0.22265625,1888,142,1790950762.5829716,2.9828496,13610.45734799
0.0003,0.09390145,0.8969305,0.2,0.77614236,1940480.0,2.2290375,0.020503264,0.3806256,0.30810547,1894,142,1790950806.2426252,0.02103166,13650.465379379
0.0003,0.09214218,0.90020776,0.2,0.73643583,1943552.0,2.2477577,0.012195663,0.38719568,0.20478515,1897,142,1790950828.2116382,0.009895811,13675.46903468
0.0003,0.09097944,0.9021435,0.2,0.72935367,1944576.0,2.2622726,0.0147063155,0.3959372,0.27041015,1898,142,1790950835.545194,0.036954172,13680.470635516
0.0003,0.091575265,0.90192026,0.2,0.74197686,1946624.0,2.2688267,0.0049726325,0.3783267,0.25263673,1900,142,1790950850.208656,0.013751804,13695.474600543
0.0003,0.092380285,0.9021747,0.2,0.7358951,1947648.0,2.2579637,0.00533715,0.34888497,0.16904297,1901,142,1790950857.453305,0.012439633,13705.476622567
0.0003,0.09229963,0.903326,0.2,0.7226295,1948672.0,2.2552814,0.008166749,0.41655225,0.13574219,1902,142,1790950864.8023431,0.012174631,13710.477840951
0.0003,0.09293495,0.68751013,0.2,1.6062449,1950720.0,2.2499316,0.003970862,0.9409825,0.13085938,1904,142,1790950879.3079638,0.21112606,13725.481833468
0.0003,0.092062674,0.8100787,0.2,1.8772681,1960960.0,2.2762682,0.008752302,0.60787547,0.1852539,1914,142,1790950952.5466082,0.023621172,13800.499322633
0.0003,0.09165087,0.8246231,0.2,2.0117311,1961984.0,2.271032,0.021754224,1.7307228,0.31416017,1915,142,1790950959.8662403,19.600353,13805.500136304
0.0003,0.09229502,0.861238,0.2,2.2978396,1964032.0,2.272231,0.066234335,1.0094317,0.36044922,1917,142,1790950974.5218327,24.292706,13820.503613559
0.0003,0.09312393,0.81638,0.2,1.9775039,1966080.0,2.2450407,0.0071022813,0.6163765,0.14003906,1919,142,1790950989.153019,17.398006,13835.505738803
0.0003,0.09404654,0.7731471,0.2,1.9581023,1968128.0,2.2362523,0.008991745,1.0643774,0.13759765,1921,142,1790951003.7771947,1.1056815,13850.511044117
0.0003,0.09414639,0.8780909,0.2,0.7877206,1969152.0,2.2417061,0.0075981314,0.32388204,0.22041015,1922,142,1790951011.1130452,0.0199465,13855.512509336
0.0003,0.09395729,0.8976948,0.2,0.75340986,1972224.0,2.2440844,0.019218607,0.3512816,0.29462892,1925,142,1790951033.1405952,0.018738408,13880.517982145
0.0003,0.09346086,0.89919543,0.2,0.74176794,1974272.0,2.2465622,0.012697652,0.43126115,0.27207032,1927,142,1790951047.574886,0.011749066,13895.521787199
0.0003,0.093078375,0.89935666,0.2,0.7349469,1975296.0,2.2548945,0.012626829,0.31669918,0.27509767,1928,142,1790951054.8784711,0.025822643,13900.523122117
0.0003,0.0928556,0.90049696,0.2,0.7405542,1976320.0,2.264978,0.009018907,0.342322,0.21220703,1929,142,1790951062.1663413,0.014261857,13910.525143235
0.0003,0.093229115,0.8999224,0.2,0.7462757,1977344.0,2.2640588,0.005655613,0.38503873,0.19990234,1930,142,1790951069.5012188,0.009116562,13915.526191905
0.0003,0.09361611,0.90227497,0.2,0.7272178,1978368.0,2.2531483,0.011938368,0.36483493,0.2866211,1931,142,1790951076.6438339,0.040377907,13920.52716258
0.0003,0.09228608,0.9037189,0.2,0.70661265,1979392.0,2.2604036,0.0064015468,0.28232318,0.17871094,1932,142,1790951084.0042007,0.013361709,13930.529107616
0.0003,0.09118983,0.9034612,0.2,0.70002544,1982464.0,2.2788167,0.01021903,0.33547726,0.24648437,1935,142,1790951105.8335497,0.016642058,13950.533887387
0.0003,0.09029437,0.90420306,0.2,0.70371175,1985536.0,2.288844,0.010387816,0.39203116,0.18886718,1938,142,1790951127.7183146,0.012303261,13975.542516523
0.0003,0.09052538,0.90629685,0.2,0.69275695,1986560.0,2.2903204,0.004241413,0.37481228,0.19423828,1939,142,1790951134.9916484,0.020462012,13980.54354844
0.0003,0.08939287,0.90538,0.2,0.69583136,1987584.0,2.3049378,0.010960896,0.32432118,0.19091797,1940,142,1790951142.26031,0.017221924,13990.546107544
0.0003,0.08989419,0.91111577,0.2,0.6580471,1990656.0,2.3149006,0.008234879,0.3899524,0.22685547,1943,142,1790951164.276803,0.044479713,14010.549885361
0.0003,0.08959316,0.90998626,0.2,0.66744375,1991680.0,2.3184302,0.012348488,0.35256764,0.19599609,1944,142,1790951171.598472,0.017394654,14015.550851753
0.0003,0.089139834,0.91087013,0.2,0.6607892,1992704.0,2.324966,0.008756917,0.36438477,0.20078126,1945,142,1790951178.9329324,0.007913671,14025.552141353
0.0003,0.08947234,0.9127132,0.2,0.6448543,1993728.0,2.3237588,0.0018044739,0.26851934,0.20595703,1946,142,1790951186.267991,0.019251445,14030.553942249
0.0003,0.089653745,0.9101969,0.2,0.6847373,1994752.0,2.3194165,0.005761622,0.43857038,0.17539063,1947,142,1790951193.4108317,0.008245928,14040.560240097
0.0003,0.08921508,0.91422826,0.2,0.6439722,1997824.0,2.3272827,0.015349744,0.4175923,0.26132813,1950,142,1790951215.281985,0.038703226,14060.564876357
0.0003,0.08941746,0.9157847,0.2,0.63421506,1999872.0,2.3233304,0.008703618,0.31990185,0.17861328,1952,142,1790951229.950474,0.011380733,14075.566813104
0.0003,0.0887086,0.91724837,0.2,0.62424797,2000896.0,2.327549,0.008190816,0.37151527,0.24648437,1953,142,1790951237.3384888,0.018327214,14078.109825681
