train/clip_fraction,train/explained_variance,rollout/ep_rew_mean,train/loss,_timestamp,train/policy_gradient_loss,_step,train/approx_kl,train/clip_range,train/learning_rate,train/entropy_loss,_runtime,time/fps,global_step,rollout/ep_len_mean,train/std,train/value_loss
,,,,1790875175.9285817,,0,,,,,17.014839766,587,2048.0,,,
0.025976563,0.01528132,-5173.8,452.0864,1790875183.9042857,-0.005252265,1,0.0044572297,0.2,0.0003,-2.841734,22.015683669,357,4096.0,2314.0,1.0029047,1033.588
0.03300781,0.008296907,-5173.8,826.20404,1790875191.6539023,-0.0061567654,2,0.0043787532,0.2,0.0003,-2.8489602,32.017998658,319,6144.0,2314.0,1.0093002,5045.6973
0.024902344,0.107024014,-5173.8,685.8501,1790875199.306088,-0.0049886135,3,0.004949756,0.2,0.0003,-2.8453898,37.020484594,304,8192.0,2314.0,0.9983103,1715.5615
0.07338867,0.030200005,-5173.8,648.8826,1790875206.9496925,-0.006700163,4,0.0078183785,0.2,0.0003,-2.8327217,47.022481178,296,10240.0,2314.0,0.99641144,1573.8765
0.10444336,1.7881393e-07,-5173.8,898.66595,1790875214.689089,-0.010901067,5,0.007959491,0.2,0.0003,-2.815376,52.024877976,290,12288.0,2314.0,0.9822585,2035.8854
0.124658205,0.0,-5173.8,654.4998,1790875222.4483342,-0.012008682,6,0.009296138,0.2,0.0003,-2.7877953,62.028294892,286,14336.0,2314.0,0.9680786,1512.8375
0.13486329,1.1920929e-07,-5173.8,592.9892,1790875230.1516635,-0.0075945165,7,0.009306973,0.2,0.0003,-2.7576473,72.030529116,283,16384.0,2314.0,0.95647,1195.788
0.1630371,0.0,-5173.8,315.64352,1790875237.6796494,-0.012131625,8,0.0113164745,0.2,0.0003,-2.726194,77.031694629,282,18432.0,2314.0,0.9379966,769.91986
0.1550293,5.9604645e-08,-5173.8,222.90828,1790875245.1488845,-0.010042447,9,0.011889141,0.2,0.0003,-2.6795037,87.03421346,281,20480.0,2314.0,0.91454685,576.1484
0.119140625,0.0,-5173.8,108.165955,1790875252.6306908,-0.007814098,10,0.008764993,0.2,0.0003,-2.64603,92.035685863,280,22528.0,2314.0,0.9059282,323.44885
0.097314455,0.0,-5173.8,103.03138,1790875260.102779,-0.004947252,11,0.0071920836,0.2,0.0003,-2.6154425,102.037891919,280,24576.0,2314.0,0.88766515,289.02496
0.11669922,0.0,-5173.8,32.43094,1790875267.583055,-0.0064481907,12,0.009289503,0.2,0.0003,-2.579852,107.039602595,279,26624.0,2314.0,0.87278986,161.52014
0.16015625,0.0,-5173.8,27.799154,1790875275.065551,-0.009525745,13,0.012671445,0.2,0.0003,-2.556814,117.044405628,279,28672.0,2314.0,0.86480844,105.37546
0.12661132,-1.1920929e-07,-5173.8,24.97127,1790875282.5534058,-0.0015284683,14,0.014993266,0.2,0.0003,-2.5245779,122.045783421,278,30720.0,2314.0,0.84722024,67.22028
0.12456055,0.0,-5173.8,24.912155,1790875290.038931,-0.008078838,15,0.012641165,0.2,0.0003,-2.4975781,132.047572257,278,32768.0,2314.0,0.83769065,64.123695
0.087841794,0.0,-5173.8,15.759361,1790875297.5159264,-0.0033832302,16,0.010815554,0.2,0.0003,-2.4542825,137.048776852,278,34816.0,2314.0,0.81105536,50.142323
0.09770508,1.1920929e-07,-5173.8,16.47049,1790875304.9893646,-0.008364471,17,0.010061622,0.2,0.0003,-2.382275,142.050195885,278,36864.0,2314.0,0.78489083,37.52593
0.09506836,5.9604645e-08,-5173.8,11.479887,1790875312.4529853,-0.004818409,18,0.008698262,0.2,0.0003,-2.34795,152.05244155,277,38912.0,2314.0,0.78399897,27.915659
0.072705075,0.0,-5173.8,12.161953,1790875319.935473,-0.004073245,19,0.0065476177,0.2,0.0003,-2.3316097,157.053677327,277,40960.0,2314.0,0.7705687,29.854616
0.07285156,0.0,-5173.8,10.408712,1790875327.4022207,-0.004318179,20,0.005465996,0.2,0.0003,-2.3076444,167.056002701,277,43008.0,2314.0,0.7614449,19.250437
0.04838867,0.0,-5173.8,7.9235034,1790875334.8597882,-0.0031117834,21,0.0033042757,0.2,0.0003,-2.2778003,172.059264946,277,45056.0,2314.0,0.7503178,20.549982
0.030078124,0.0,-5173.8,9.259587,1790875342.3507092,-0.0015974465,22,0.0036808704,0.2,0.0003,-2.235833,182.061317098,277,47104.0,2314.0,0.73154217,21.501657
0.035449218,0.0,-5173.8,7.3421316,1790875349.8328147,-0.0014417935,23,0.005174736,0.2,0.0003,-2.1996891,187.062964379,277,49152.0,2314.0,0.72273415,18.39142
0.042236328,1.1920929e-07,-5173.8,8.579256,1790875357.308141,-1.7638577e-05,24,0.00421495,0.2,0.0003,-2.1708639,197.065248921,276,51200.0,2314.0,0.7118923,17.294416
0.048583984,0.0,-5173.8,7.933185,1790875364.8184323,0.0003329356,25,0.0035029256,0.2,0.0003,-2.1425133,202.066474054,276,53248.0,2314.0,0.7019725,15.987554
0.04350586,0.0,-5173.8,5.5662956,1790875372.2827733,-0.0023178041,26,0.0049576894,0.2,0.0003,-2.1163645,212.068619064,276,55296.0,2314.0,0.69376254,14.545358
0.026953125,0.0,-5173.8,10.052451,1790875379.7560318,-0.0010257605,27,0.0021580658,0.2,0.0003,-2.0902963,217.069347205,276,57344.0,2314.0,0.68339396,13.993858
0.039160155,0.0,-5173.8,8.1392145,1790875387.2164867,-0.001155664,28,0.0071246503,0.2,0.0003,-2.0625439,227.072040896,276,59392.0,2314.0,0.67768276,15.085684
0.038916014,0.0,-5173.8,4.3365645,1790875394.6754613,-0.0021867768,29,0.006544887,0.2,0.0003,-2.047834,232.073517494,276,61440.0,2314.0,0.670978,13.744189
0.023535157,0.0,-5173.8,6.62427,1790875402.1491394,0.00058798754,30,0.0037386098,0.2,0.0003,-2.0295885,242.074988355,276,63488.0,2314.0,0.66487813,11.91907
0.051171876,0.0,-5173.8,8.287863,1790875409.6256151,-0.003197294,31,0.0029109395,0.2,0.0003,-2.0157459,247.076486986,276,65536.0,2314.0,0.66283,12.318274
0.020117188,0.0,-5173.8,3.7427917,1790875417.1098447,0.0010584282,32,0.0036546928,0.2,0.0003,-2.0066278,257.07844156,276,67584.0,2314.0,0.65915155,12.1399
0.014453125,5.9604645e-08,-5173.8,6.5583014,1790875424.5944927,0.0008758057,33,0.0031853456,0.2,0.0003,-1.9997292,262.079890654,276,69632.0,2314.0,0.6573494,11.471107
0.055859376,0.0,-5173.8,7.2178555,1790875432.0762777,-0.0010670875,34,0.0071817455,0.2,0.0003,-1.9981728,272.081728542,276,71680.0,2314.0,0.6576134,11.078141
0.0265625,0.0,-5173.8,5.1297054,1790875439.5624244,0.00022400772,35,0.0010110475,0.2,0.0003,-1.9814496,277.082503471,276,73728.0,2314.0,0.64990735,12.238109
0.031982422,0.0,-5173.8,6.2678556,1790875447.0048156,-0.0003921837,36,0.0058732857,0.2,0.0003,-1.9671293,287.084777053,275,75776.0,2314.0,0.64693516,10.2547035
0.022509765,0.0,-5173.8,3.508607,1790875454.4707348,-0.00017697085,37,0.0041057253,0.2,0.0003,-1.9729363,292.086771108,275,77824.0,2314.0,0.65109956,8.808605
0.061669923,5.9604645e-08,-5173.8,8.721939,1790875461.934657,-0.0030657093,38,0.0051481626,0.2,0.0003,-1.9734893,302.088717118,275,79872.0,2314.0,0.64880025,11.410653
0.013330078,-1.1920929e-07,-5173.8,6.3148446,1790875469.3808599,0.000118761905,39,0.0016885555,0.2,0.0003,-1.9700876,307.089786175,275,81920.0,2314.0,0.64844763,10.930862
0.044628907,0.0,-5173.8,6.989682,1790875476.8467703,-0.001335229,40,0.00672581,0.2,0.0003,-1.95144,317.091556886,275,83968.0,2314.0,0.63940525,12.03721
0.035351563,0.0,-5173.8,6.02582,1790875484.312156,0.0002727796,41,0.0040644268,0.2,0.0003,-1.9285232,322.092363746,275,86016.0,2314.0,0.6336508,10.52683
0.07299805,-1.1920929e-07,-5173.8,5.3797035,1790875491.7609377,-0.0062583843,42,0.0060722018,0.2,0.0003,-1.9095713,332.093716791,275,88064.0,2314.0,0.62628615,11.591138
0.024169922,0.0,-5173.8,7.552494,1790875499.2451634,0.0005596831,43,0.0048284903,0.2,0.0003,-1.8967273,337.094909965,275,90112.0,2314.0,0.62588465,10.909654
0.050732423,0.0,-5173.8,5.129755,1790875506.6079478,-0.0022956196,44,0.00519153,0.2,0.0003,-1.885116,347.096598276,275,92160.0,2314.0,0.6216308,12.05892
0.011865234,5.9604645e-08,-5173.8,4.507185,1790875514.0714798,0.0007683206,45,0.0012874732,0.2,0.0003,-1.8815523,352.098250057,275,94208.0,2314.0,0.6238251,11.083813
0.033154298,5.9604645e-08,-5173.8,3.9602454,1790875521.536109,-0.0012579884,46,0.0046409876,0.2,0.0003,-1.8739078,362.102206962,275,96256.0,2314.0,0.61728114,11.264549
0.026123047,0.0,-5173.8,4.1655087,1790875528.9989421,0.000714397,47,0.0046792384,0.2,0.0003,-1.8772398,367.103973025,275,98304.0,2314.0,0.62415993,9.385496
0.04296875,-1.1920929e-07,-5173.8,5.1631727,1790875536.5016038,-0.0003397336,48,0.0047858115,0.2,0.0003,-1.8892207,377.10649109,275,100352.0,2314.0,0.62649596,8.62012
0.03334961,0.0,-5173.8,6.8879046,1790875543.8978655,0.0012760931,49,0.004851941,0.2,0.0003,-1.8837248,382.107825087,275,102400.0,2314.0,0.62050396,11.492537
0.024902344,-1.1920929e-07,-5173.8,5.387213,1790875551.3772633,0.0010319633,50,0.0048891273,0.2,0.0003,-1.8598232,392.109617812,275,104448.0,2314.0,0.61230105,10.44252
0.027001953,-1.1920929e-07,-5173.8,4.143926,1790875558.8549893,-0.00019958592,51,0.005813481,0.2,0.0003,-1.8297715,397.111252177,275,106496.0,2314.0,0.6031879,10.755695
0.024023438,0.0,-5173.8,5.300994,1790875566.3234007,0.00073370954,52,0.002167351,0.2,0.0003,-1.8048428,407.113764602,275,108544.0,2314.0,0.59684575,9.668397
0.039160155,-1.1920929e-07,-5173.8,3.4334757,1790875573.7473726,-0.0012872756,53,0.006543419,0.2,0.0003,-1.7864499,412.115410621,275,110592.0,2314.0,0.59263337,8.7159
0.033984374,0.0,-5173.8,6.41025,1790875581.2180793,-0.0001463566,54,0.0030232416,0.2,0.0003,-1.7669678,422.118275143,275,112640.0,2314.0,0.5833426,11.272699
0.01586914,0.0,-5173.8,3.2709851,1790875588.8329332,0.0008273564,55,0.0038037281,0.2,0.0003,-1.7522122,427.1199432,275,114688.0,2314.0,0.58508503,8.399254
0.022509765,1.1920929e-07,-5173.8,4.065683,1790875596.4334426,0.000965765,56,0.0042456333,0.2,0.0003,-1.7488959,437.12155276,275,116736.0,2314.0,0.5839572,9.992162
0.029785156,-1.1920929e-07,-5173.8,4.3775544,1790875604.0540078,-0.0008038445,57,0.005052941,0.2,0.0003,-1.7433624,442.123084714,275,118784.0,2314.0,0.58131313,10.731782
0.048046876,5.9604645e-08,-5173.8,7.011162,1790875611.614033,-0.0020892376,58,0.0046201195,0.2,0.0003,-1.7408508,452.124413312,275,120832.0,2314.0,0.5818676,11.423527
0.019335937,0.0,-5173.8,5.3998384,1790875619.2331805,0.00083272596,59,0.0015531934,0.2,0.0003,-1.7297271,457.125418424,275,122880.0,2314.0,0.5756881,11.302672
0.03803711,1.1920929e-07,-5173.8,4.304876,1790875626.6661918,0.00013057287,60,0.0020542692,0.2,0.0003,-1.71309,467.127505669,275,124928.0,2314.0,0.57285607,10.413058
0.030859375,0.0,-5173.8,4.3515353,1790875634.1732664,4.72173e-05,61,0.004053533,0.2,0.0003,-1.7119597,472.129149827,275,126976.0,2314.0,0.5741616,9.474645
0.050390624,0.0,-5173.8,4.798826,1790875641.7736707,-0.0014054319,62,0.0047783544,0.2,0.0003,-1.7010459,482.131962291,274,129024.0,2314.0,0.56764233,9.176903
0.035351563,-1.1920929e-07,-5173.8,5.6658325,1790875649.3438482,0.0006445543,63,0.005216047,0.2,0.0003,-1.695966,487.133480081,274,131072.0,2314.0,0.5700251,11.098773
0.024316406,-1.1920929e-07,-5173.8,4.4036536,1790875656.9214559,0.00054143916,64,0.0022274794,0.2,0.0003,-1.6924207,497.135761188,274,133120.0,2314.0,0.5661803,10.464798
0.03237305,0.0,-5173.8,3.9832294,1790875664.500839,8.3285864e-05,65,0.0031604697,0.2,0.0003,-1.6859878,502.136630903,274,135168.0,2314.0,0.5656755,10.398797
0.036474608,0.0,-5173.8,4.313305,1790875672.0771215,0.0005170149,66,0.005500567,0.2,0.0003,-1.6982238,512.138495978,274,137216.0,2314.0,0.5720679,9.678098
0.013623047,0.0,-5173.8,5.1847544,1790875679.6522572,0.0013304362,67,0.0034421878,0.2,0.0003,-1.6941373,517.139907555,274,139264.0,2314.0,0.5634196,8.895959
0.023388673,0.0,-5173.8,10.126354,1790875687.2249424,0.00011896118,68,0.003736428,0.2,0.0003,-1.6652683,527.14134334,274,141312.0,2314.0,0.5578152,9.637817
0.03125,0.0,-5173.8,3.9584165,1790875694.7894263,0.00027970085,69,0.004758511,0.2,0.0003,-1.6501238,532.142876552,274,143360.0,2314.0,0.5557503,7.790513
0.035742186,0.0,-5173.8,5.3914833,1790875702.3497722,-4.029571e-05,70,0.004813228,0.2,0.0003,-1.6539468,542.145571661,274,145408.0,2314.0,0.5599688,9.692834
0.050390624,1.1920929e-07,-5173.8,4.938738,1790875709.9556217,-0.0010639002,71,0.006187914,0.2,0.0003,-1.6421348,547.147349335,274,147456.0,2314.0,0.5518981,9.530664
0.022021484,0.0,-5173.8,5.566783,1790875717.5561874,0.0008512758,72,0.0026705042,0.2,0.0003,-1.6353171,557.149460371,274,149504.0,2314.0,0.5562484,11.054251
0.032958984,0.0,-5173.8,3.8977222,1790875725.1104283,-4.6774585e-05,73,0.004785171,0.2,0.0003,-1.6352758,567.151380949,274,151552.0,2314.0,0.5537707,9.533112
0.032128908,0.0,-5173.8,6.227135,1790875732.6882255,0.0006857749,74,0.0037495715,0.2,0.0003,-1.6367604,572.152029817,274,153600.0,2314.0,0.55572563,10.842879
0.033203125,0.0,-5173.8,4.6352534,1790875740.2826102,0.00030729565,75,0.0051211677,0.2,0.0003,-1.6352586,582.154276519,274,155648.0,2314.0,0.552042,9.06311
0.041015625,0.0,-5173.8,6.0072403,1790875747.8583136,0.00013864998,76,0.005369126,0.2,0.0003,-1.6189021,587.155272224,274,157696.0,2314.0,0.54744565,9.611629
0.04194336,1.1920929e-07,-5173.8,3.1857975,1790875755.446587,-0.0011537207,77,0.002837565,0.2,0.0003,-1.593031,597.15806382,274,159744.0,2314.0,0.5383263,8.438706
0.01875,-1.1920929e-07,-5173.8,5.0882006,1790875763.0256815,0.0006462871,78,0.0041331947,0.2,0.0003,-1.5693681,602.158916274,273,161792.0,2314.0,0.5355429,9.083323
0.019580077,0.0,-5173.8,4.8945217,1790875770.6109746,0.00040059767,79,0.003955681,0.2,0.0003,-1.5646257,612.160946949,273,163840.0,2314.0,0.5357214,9.373401
0.0362793,1.1920929e-07,-5173.8,2.8522274,1790875778.174723,-6.80164e-05,80,0.0032385234,0.2,0.0003,-1.564181,617.162045696,273,165888.0,2314.0,0.53438985,9.4492445
0.03125,0.0,-5173.8,4.1192894,1790875785.7468905,0.0011815428,81,0.0012096444,0.2,0.0003,-1.5581115,627.163933523,273,167936.0,2314.0,0.5320036,9.225606
0.027636718,0.0,-5173.8,4.1521997,1790875793.3182127,-3.6986483e-05,82,0.0021351795,0.2,0.0003,-1.5505327,632.164662511,273,169984.0,2314.0,0.5301915,13.118974
0.06147461,0.0,-5173.8,6.145098,1790875800.903004,-0.0021922414,83,0.006958864,0.2,0.0003,-1.5343859,642.165995053,273,172032.0,2314.0,0.523261,10.605786
0.029248048,0.0,-5173.8,4.223124,1790875808.2095644,-0.00030313808,84,0.0024266965,0.2,0.0003,-1.5049367,647.167672396,273,174080.0,2314.0,0.51525533,11.159387
0.041992188,0.0,-5173.8,5.721989,1790875815.6180987,0.0008867094,85,0.003935592,0.2,0.0003,-1.487558,657.16951237,273,176128.0,2314.0,0.51572526,9.606061
0.036376953,1.1920929e-07,-5173.8,5.0726566,1790875823.0279431,-0.0010646875,86,0.0041312603,0.2,0.0003,-1.4871435,662.171427233,273,178176.0,2314.0,0.51350784,8.3777895
0.043115236,0.0,-5173.8,6.74205,1790875830.426517,-0.0012573045,87,0.005340485,0.2,0.0003,-1.4682646,672.173352416,273,180224.0,2314.0,0.5079965,10.280316
0.014160156,0.0,-5173.8,5.086946,1790875837.848084,0.00050451525,88,0.0021021278,0.2,0.0003,-1.441745,677.17395344,273,182272.0,2314.0,0.5024202,10.340582
0.04560547,0.0,-5173.8,6.677731,1790875845.2482681,-0.00046592488,89,0.00093600835,0.2,0.0003,-1.4172213,687.176998321,273,184320.0,2314.0,0.49751553,13.326416
0.01826172,0.0,-5173.8,5.833974,1790875852.6605017,0.0002732147,90,0.0026822635,0.2,0.0003,-1.4136752,692.177687913,273,186368.0,2314.0,0.49886966,11.031596
0.04736328,0.0,-5173.8,8.494747,1790875860.0821452,0.0013606934,91,0.005421003,0.2,0.0003,-1.4165374,697.178451617,274,188416.0,2314.0,0.49888378,10.877801
0.04824219,-1.1920929e-07,-5173.8,4.3747315,1790875867.5073626,-0.0007599796,92,0.004247418,0.2,0.0003,-1.4185132,707.181062311,274,190464.0,2314.0,0.5005369,10.105993
0.025830079,-1.1920929e-07,-5173.8,3.2271056,1790875874.9009902,0.000920216,93,0.004483506,0.2,0.0003,-1.4087406,712.182806203,274,192512.0,2314.0,0.49674028,8.5385475
0.039013673,0.0,-5173.8,4.24236,1790875882.3087144,-0.00046925078,94,0.0047107013,0.2,0.0003,-1.4193968,722.185662079,274,194560.0,2314.0,0.5022729,8.804368
0.027490234,0.0,-5173.8,3.3400917,1790875889.7312953,-0.00028733144,95,0.002694788,0.2,0.0003,-1.4265,727.187267402,274,196608.0,2314.0,0.4995758,9.301142
0.02368164,0.0,-5173.8,4.0648947,1790875897.1505392,0.0001525425,96,0.0027217646,0.2,0.0003,-1.4164625,737.189269753,274,198656.0,2314.0,0.49704772,11.977074
0.038427733,-1.1920929e-07,-5173.8,3.4464424,1790875904.57232,0.0005904223,97,0.00464487,0.2,0.0003,-1.4133048,742.190272494,274,200704.0,2314.0,0.49704468,10.542861
0.020263672,-1.1920929e-07,-5173.8,5.220885,1790875911.9338868,0.0011379055,98,0.0024377462,0.2,0.0003,-1.4156537,752.192295502,274,202752.0,2314.0,0.4978331,11.016906
0.042773437,1.1920929e-07,-5173.8,4.159037,1790875919.3382452,-0.0024260588,99,0.005628123,0.2,0.0003,-1.4396536,757.193619974,274,204800.0,2314.0,0.50616366,9.705795
0.024121094,0.0,-5173.8,5.534145,1790875926.729016,0.0014056009,100,0.0026976038,0.2,0.0003,-1.4580042,767.194823366,274,206848.0,2314.0,0.50777745,10.594966
0.036132812,-1.1920929e-07,-5173.8,3.8412814,1790875934.14502,0.0006766974,101,0.004015469,0.2,0.0003,-1.4525932,772.196254639,274,208896.0,2314.0,0.5037707,9.547807
0.0340332,0.0,-5173.8,4.3902044,1790875941.5529146,0.0013459146,102,0.0041619,0.2,0.0003,-1.4526494,782.198057078,274,210944.0,2314.0,0.50700915,8.633429
0.064257815,1.1920929e-07,-5173.8,4.224454,1790875948.976227,-0.0024593761,103,0.00484707,0.2,0.0003,-1.457468,787.200371547,274,212992.0,2314.0,0.50845647,9.896229
0.031347655,0.0,-5173.8,3.721263,1790875956.3711972,-0.00010548259,104,0.0038518708,0.2,0.0003,-1.4544533,797.201796486,274,215040.0,2314.0,0.50634575,8.991707
0.024121094,0.0,-5173.8,4.688845,1790875963.8007011,0.0005161656,105,0.004286914,0.2,0.0003,-1.4531484,802.203085084,274,217088.0,2314.0,0.5063282,10.881004
0.03754883,0.0,-5173.8,6.119006,1790875971.2288315,-0.000110743094,106,0.0023949493,0.2,0.0003,-1.4551739,812.206116402,274,219136.0,2314.0,0.50723994,9.727646
0.074560545,0.0,-5173.8,9.07463,1790875978.6201966,-0.0027002937,107,0.0065318868,0.2,0.0003,-1.4584663,817.20779573,274,221184.0,2314.0,0.50903255,10.577404
0.049316406,0.0,-5173.8,3.8176517,1790875986.0458062,-0.0010249793,108,0.0058078477,0.2,0.0003,-1.4685684,827.210001171,274,223232.0,2314.0,0.51005876,9.07996
0.04140625,0.0,-5173.8,5.0310373,1790875993.467695,-0.00044577592,109,0.0038352148,0.2,0.0003,-1.4709879,832.211269479,274,225280.0,2314.0,0.5101514,11.642716
0.041015625,0.0,-5173.8,5.7755466,1790876000.8818645,-0.00010061062,110,0.0056531387,0.2,0.0003,-1.4704036,842.212318877,274,227328.0,2314.0,0.5100095,10.716752
0.053369142,0.0,-5173.8,8.821496,1790876008.287819,-0.0024384358,111,0.0065089893,0.2,0.0003,-1.4724605,847.213410496,274,229376.0,2314.0,0.5097239,11.187693
0.03227539,0.0,-5173.8,4.7680464,1790876015.7191267,0.0010827944,112,0.005453717,0.2,0.0003,-1.4718006,857.216118061,274,231424.0,2314.0,0.5102431,9.967827
0.031445313,0.0,-5173.8,7.3721857,1790876023.1127036,0.00013380297,113,0.0033642584,0.2,0.0003,-1.4694215,862.217369499,274,233472.0,2314.0,0.50940406,10.0651655
0.045898438,5.9604645e-08,-5173.8,5.0203705,1790876030.5272307,-0.00045230502,114,0.005651988,0.2,0.0003,-1.4612687,872.219747889,274,235520.0,2314.0,0.5054103,11.681307
0.042871095,0.0,-5173.8,5.2204313,1790876037.936627,0.00048972486,115,0.0047749975,0.2,0.0003,-1.451952,877.220873255,274,237568.0,2314.0,0.5059203,9.835746
0.025683593,5.9604645e-08,-5173.8,5.7817845,1790876045.3671148,0.0014718572,116,0.0038159043,0.2,0.0003,-1.4463236,887.222645443,274,239616.0,2314.0,0.50205237,10.941209
0.03666992,0.0,-5173.8,6.9125075,1790876052.7949154,0.00018557251,117,0.0033628708,0.2,0.0003,-1.4300582,892.224304099,274,241664.0,2314.0,0.49759638,12.015283
0.04448242,0.0,-5173.8,5.7161818,1790876060.2384222,-0.00087040575,118,0.003728013,0.2,0.0003,-1.421983,897.225686755,274,243712.0,2314.0,0.496683,11.091817
0.04243164,1.1920929e-07,-5173.8,7.1019154,1790876067.5393887,-0.00067214185,119,0.002671086,0.2,0.0003,-1.4349227,907.228241349,274,245760.0,2314.0,0.504335,9.803301
0.053125,0.0,-5173.8,5.014307,1790876074.9430192,-0.0007331978,120,0.0063328547,0.2,0.0003,-1.4478155,912.232230218,274,247808.0,2314.0,0.5031251,10.498842
0.028320312,-1.1920929e-07,-5173.8,4.215645,1790876082.3688626,0.000726469,121,0.001686288,0.2,0.0003,-1.4358552,922.234248815,274,249856.0,2314.0,0.49896508,9.470329
0.05253906,0.0,-5173.8,8.496978,1790876089.7447853,-0.0012799599,122,0.004692859,0.2,0.0003,-1.4208454,927.235511621,274,251904.0,2314.0,0.49627572,10.259502
0.031835936,5.9604645e-08,-5173.8,4.386927,1790876097.1676455,-0.00045991948,123,0.0025550204,0.2,0.0003,-1.4158851,937.238081949,274,253952.0,2314.0,0.499278,7.3443503
0.05625,0.0,-5173.8,3.9991221,1790876104.5824215,-0.0025437295,124,0.0042520184,0.2,0.0003,-1.4062158,942.239077473,274,256000.0,2314.0,0.49408895,8.911789
0.033740234,0.0,-5173.8,3.7962055,1790876111.9886367,0.0006067201,125,0.0022945823,0.2,0.0003,-1.4040027,952.241406829,274,258048.0,2314.0,0.49642432,8.461136
0.042626955,0.0,-5173.8,5.7770987,1790876119.3997173,-0.00011166286,126,0.0025930027,0.2,0.0003,-1.4092228,957.242654926,274,260096.0,2314.0,0.4982361,9.154158
0.04916992,1.1920929e-07,-5173.8,2.5913174,1790876126.7344341,-0.0012993434,127,0.004040515,0.2,0.0003,-1.4129423,967.244385922,274,262144.0,2314.0,0.49977666,7.8258333
0.028076172,0.0,-5173.8,6.7690077,1790876134.1169446,0.0014682094,128,0.0049836705,0.2,0.0003,-1.4183769,972.246609214,274,264192.0,2314.0,0.5011802,9.690064
0.024267578,-2.3841858e-07,-5173.8,5.6149497,1790876141.550575,0.0016182879,129,0.0011379893,0.2,0.0003,-1.4142113,982.24906009,274,266240.0,2314.0,0.49720907,9.073311
0.012060547,5.9604645e-08,-5173.8,4.590665,1790876148.942752,0.0007501066,130,0.0020582136,0.2,0.0003,-1.396221,987.249883845,274,268288.0,2314.0,0.4926718,11.039724
0.029443359,0.0,-5173.8,5.5002933,1790876156.316353,0.0010940321,131,0.0037133358,0.2,0.0003,-1.3801874,997.252422152,274,270336.0,2314.0,0.48893902,10.1724615
0.047314454,0.0,-5173.8,3.1814,1790876163.7426026,8.410185e-05,132,0.0044763023,0.2,0.0003,-1.3702624,1002.254038579,274,272384.0,2314.0,0.48764187,8.55463
0.041552734,0.0,-5173.8,5.032334,1790876171.1361938,-0.000649637,133,0.0022729216,0.2,0.0003,-1.3607514,1012.256248553,274,274432.0,2314.0,0.48469135,8.636815
0.017382812,0.0,-5173.8,4.7613473,1790876178.5529165,0.0014526024,134,0.0029510455,0.2,0.0003,-1.3514941,1017.257353365,274,276480.0,2314.0,0.48324704,8.619135
0.045166016,5.9604645e-08,-5173.8,4.5217495,1790876185.9726524,2.6243051e-05,135,0.0013023552,0.2,0.0003,-1.3562231,1027.25975585,274,278528.0,2314.0,0.48747218,7.6391892
0.058984376,5.9604645e-08,-5173.8,3.1125968,1790876193.4069028,-0.002524897,136,0.0060356157,0.2,0.0003,-1.3474969,1032.261508149,274,280576.0,2314.0,0.4803573,7.4769235
0.055517577,0.0,-5173.8,4.7935514,1790876200.8052757,-0.0010765846,137,0.003982125,0.2,0.0003,-1.3402925,1042.263106202,274,282624.0,2314.0,0.4808718,9.857306
0.03569336,0.0,-5173.8,2.7954712,1790876208.22501,-0.0007809282,138,0.0037099062,0.2,0.0003,-1.3336862,1047.264143356,274,284672.0,2314.0,0.4793176,9.25315
0.04243164,0.0,-5173.8,3.8419662,1790876215.6171653,-0.00036835775,139,0.004839547,0.2,0.0003,-1.341298,1057.266592277,274,286720.0,2314.0,0.4833585,6.31296
0.026367188,0.0,-5173.8,4.1982713,1790876223.039502,0.001513515,140,0.0027363568,0.2,0.0003,-1.338254,1062.26798403,274,288768.0,2314.0,0.47830805,8.374804
0.035595704,0.0,-5173.8,4.9009943,1790876230.4937828,-0.00088232185,141,0.0030414406,0.2,0.0003,-1.3393904,1072.26995329,274,290816.0,2314.0,0.4818246,9.046042
0.035498045,1.1920929e-07,-5173.8,4.7781787,1790876237.9399033,5.2422114e-05,142,0.002394378,0.2,0.0003,-1.3462349,1077.27062662,274,292864.0,2314.0,0.48024857,10.084316
0.04873047,0.0,-5173.8,4.611633,1790876245.3089707,-0.0013298212,143,0.0031161713,0.2,0.0003,-1.338915,1087.272811732,274,294912.0,2314.0,0.47934225,9.753775
0.027148437,1.1920929e-07,-5173.8,3.4741147,1790876252.7212737,0.0010121753,144,0.0045862924,0.2,0.0003,-1.3354353,1092.274452523,274,296960.0,2314.0,0.47935057,8.441705
0.04941406,0.0,-5173.8,5.419852,1790876260.0862489,-0.0013662701,145,0.0059673563,0.2,0.0003,-1.3242565,1097.27620086,274,299008.0,2314.0,0.47534502,8.366913
0.0171875,-1.1920929e-07,-5173.8,4.151919,1790876267.52261,0.0008711139,146,0.0023122672,0.2,0.0003,-1.311312,1107.278419028,274,301056.0,2314.0,0.4710676,8.702782
0.045703124,0.0,-5173.8,4.310776,1790876274.9333687,-0.0016488614,147,0.005326341,0.2,0.0003,-1.3110619,1112.27968045,274,303104.0,2314.0,0.47310817,9.200931
0.048535157,0.0,-5173.8,4.7055078,1790876282.3553112,-0.001487022,148,0.004570038,0.2,0.0003,-1.3119857,1122.281635422,274,305152.0,2314.0,0.47216058,7.771315
0.03652344,0.0,-5173.8,4.21957,1790876289.7856421,0.00039111706,149,0.0026674038,0.2,0.0003,-1.3177506,1127.282799594,274,307200.0,2314.0,0.47518805,8.997471
0.029589843,0.0,-5173.8,3.3985481,1790876297.2008867,0.0010931815,150,0.0047737267,0.2,0.0003,-1.323164,1137.284688737,274,309248.0,2314.0,0.47304165,7.5624957
0.037109375,0.0,-5173.8,3.3065112,1790876304.6196196,-0.001806762,151,0.003624188,0.2,0.0003,-1.3166429,1142.286477448,274,311296.0,2314.0,0.47456592,6.3794494
0.037060548,-1.1920929e-07,-5173.8,3.5203977,1790876312.0440226,6.685073e-05,152,0.0015096588,0.2,0.0003,-1.3189051,1152.288094589,274,313344.0,2314.0,0.47470555,8.563055
0.04916992,0.0,-5173.8,5.162753,1790876319.43537,-0.00018213347,153,0.0048925374,0.2,0.0003,-1.3123385,1157.289800201,274,315392.0,2314.0,0.47245538,9.901713
0.043847658,-1.1920929e-07,-5173.8,4.894037,1790876326.8571682,-0.00061572785,154,0.0051975716,0.2,0.0003,-1.2934155,1167.292008255,274,317440.0,2314.0,0.4678122,7.998567
0.016845703,-1.1920929e-07,-5173.8,3.8898425,1790876334.2700377,0.00054115104,155,0.004318636,0.2,0.0003,-1.2838708,1172.293216785,274,319488.0,2314.0,0.4661312,7.2250986
0.058544923,0.0,-5173.8,4.4022956,1790876341.6889682,-0.00080016,156,0.007137169,0.2,0.0003,-1.277718,1182.295575513,274,321536.0,2314.0,0.46526623,7.663818
0.040527344,0.0,-5173.8,3.2652888,1790876349.0847518,0.00036650113,157,0.0067594913,0.2,0.0003,-1.2764715,1187.296297274,275,323584.0,2314.0,0.46638054,8.376868
0.05625,0.0,-5173.8,2.169755,1790876356.480189,-0.0021546425,158,0.007832017,0.2,0.0003,-1.2643253,1197.298288909,275,325632.0,2314.0,0.4611694,5.8261075
0.024804687,0.0,-5173.8,5.069109,1790876363.8590689,0.0017887257,159,0.0011257306,0.2,0.0003,-1.2502186,1202.299244301,275,327680.0,2314.0,0.45877668,9.416243
0.023632813,-1.1920929e-07,-5173.8,4.9705114,1790876371.2656758,0.0013191729,160,0.0030013204,0.2,0.0003,-1.2483263,1212.300743937,275,329728.0,2314.0,0.4603349,10.682815
0.059472658,-1.1920929e-07,-5173.8,3.709617,1790876378.6705348,-0.0013338117,161,0.0069046062,0.2,0.0003,-1.232493,1217.304737695,275,331776.0,2314.0,0.4523965,8.461687
0.04042969,1.1920929e-07,-5173.8,4.3247976,1790876386.0700266,-0.00040107322,162,0.0053428756,0.2,0.0003,-1.2293824,1227.306465558,275,333824.0,2314.0,0.45599234,9.620441
0.046484374,0.0,-5173.8,4.396768,1790876393.479914,0.00021022018,163,0.001696819,0.2,0.0003,-1.2345701,1232.307807298,275,335872.0,2314.0,0.4555927,7.215322
0.03930664,0.0,-5173.8,5.863743,1790876400.8959708,2.351536e-05,164,0.0030512633,0.2,0.0003,-1.2362351,1242.309458944,275,337920.0,2314.0,0.45506266,9.375113
0.020751953,-1.1920929e-07,-5173.8,3.1182466,1790876408.1781704,0.0004919024,165,0.0015444675,0.2,0.0003,-1.2214582,1247.310678195,275,339968.0,2314.0,0.4504804,8.341616
0.039648436,5.9604645e-08,-5173.8,4.37002,1790876415.5801966,-0.0012323743,166,0.0060227057,0.2,0.0003,-1.1938537,1257.313671757,275,342016.0,2314.0,0.44407693,10.812713
0.046923827,0.0,-5173.8,5.579331,1790876422.9896493,0.0003293662,167,0.004160085,0.2,0.0003,-1.185675,1262.315248125,275,344064.0,2314.0,0.44546938,7.9993105
0.053369142,0.0,-5173.8,2.2568429,1790876430.3714736,6.358692e-06,168,0.003836317,0.2,0.0003,-1.1975285,1267.316301555,275,346112.0,2314.0,0.44793838,7.312508
0.055273436,0.0,-5173.8,6.7108564,1790876437.7104366,0.000119878205,169,0.003819549,0.2,0.0003,-1.2054455,1277.318449082,275,348160.0,2314.0,0.44849068,10.259404
0.031347655,0.0,-5173.8,5.2145815,1790876445.0861025,0.00057162764,170,0.0009186435,0.2,0.0003,-1.1980059,1282.319230068,275,350208.0,2314.0,0.44544432,9.4493475
0.03017578,0.0,-5173.8,4.9469495,1790876452.4871314,0.00055042916,171,0.003706022,0.2,0.0003,-1.2019945,1292.321411692,275,352256.0,2314.0,0.44944847,11.495482
0.03310547,5.9604645e-08,-5173.8,5.6838636,1790876459.8934784,0.0005171868,172,0.0038140472,0.2,0.0003,-1.2135123,1297.322658911,275,354304.0,2314.0,0.44868708,7.7075324
0.02055664,0.0,-5173.8,5.166883,1790876467.2799916,0.00052790076,173,0.003378588,0.2,0.0003,-1.2092268,1307.3250748,275,356352.0,2314.0,0.44826993,10.941978
0.03100586,-1.1920929e-07,-5173.8,2.9755244,1790876474.6774805,0.0010308152,174,0.0041520502,0.2,0.0003,-1.2032881,1312.326751376,275,358400.0,2314.0,0.44700837,9.148382
0.04663086,-1.1920929e-07,-5173.8,4.5067797,1790876482.0944195,-0.00084525644,175,0.0035859921,0.2,0.0003,-1.2056212,1322.328850443,275,360448.0,2314.0,0.4479589,7.8903775
0.03378906,0.0,-5173.8,2.6873407,1790876489.510704,1.2410773e-05,176,0.002864469,0.2,0.0003,-1.2268151,1327.329612902,275,362496.0,2314.0,0.45551014,7.447692
0.055078126,0.0,-5173.8,2.750021,1790876496.9390385,-0.0013478498,177,0.007571674,0.2,0.0003,-1.2421442,1337.332570627,275,364544.0,2314.0,0.45566404,7.453294
0.03046875,0.0,-5173.8,4.474561,1790876504.3482509,0.00038663833,178,0.0035500743,0.2,0.0003,-1.2397057,1342.333557916,275,366592.0,2314.0,0.45521045,9.207931
0.022802735,0.0,-5173.8,5.109198,1790876511.7563221,0.0007991218,179,0.00282782,0.2,0.0003,-1.2454635,1352.335319506,275,368640.0,2314.0,0.45865172,8.692642
0.022460938,-1.1920929e-07,-5173.8,4.8364954,1790876519.1598248,0.0008573245,180,0.0016314806,0.2,0.0003,-1.249891,1357.33676851,275,370688.0,2314.0,0.45748007,8.226514
0.04248047,-1.1920929e-07,-5173.8,4.0000587,1790876526.5692132,-0.00012015008,181,0.00456064,0.2,0.0003,-1.2452544,1367.338998484,275,372736.0,2314.0,0.45688456,7.759594
0.017089844,0.0,-5173.8,4.4803905,1790876533.9692197,0.0011360671,182,0.0029359364,0.2,0.0003,-1.2363812,1372.340835854,275,374784.0,2314.0,0.45387006,10.771096
0.025585938,0.0,-5173.8,4.6010046,1790876541.375485,0.0004967542,183,0.0019215068,0.2,0.0003,-1.2178521,1382.342687275,275,376832.0,2314.0,0.44882464,8.427016
0.03413086,0.0,-5173.8,5.655464,1790876548.782067,0.00037265883,184,0.005460445,0.2,0.0003,-1.1981864,1387.343439323,275,378880.0,2314.0,0.44555488,8.80787
0.058251955,0.0,-5173.8,3.4039128,1790876556.1849751,-0.0013717011,185,0.0060277176,0.2,0.0003,-1.1874661,1397.344826899,275,380928.0,2314.0,0.44394845,8.889137
0.017871093,0.0,-5173.8,3.6749566,1790876563.589436,0.0011924191,186,0.0036518606,0.2,0.0003,-1.1888435,1402.346069478,275,382976.0,2314.0,0.44663063,9.149414
0.05722656,1.1920929e-07,-5173.8,5.9614663,1790876570.987104,-0.0004424863,187,0.007224716,0.2,0.0003,-1.1835397,1412.348037438,275,385024.0,2314.0,0.44352585,8.208708
0.034765624,-1.1920929e-07,-5173.8,3.013113,1790876578.4175394,0.00015003502,188,0.0017258667,0.2,0.0003,-1.1959983,1417.349062052,275,387072.0,2314.0,0.45128074,7.0765095
0.038134765,0.0,-5173.8,5.2963066,1790876585.8085449,-0.0005075467,189,0.0044111637,0.2,0.0003,-1.2116728,1427.351452276,275,389120.0,2314.0,0.4500593,10.452242
0.04711914,0.0,-5173.8,5.925443,1790876593.2175245,-0.00073013024,190,0.0055460497,0.2,0.0003,-1.205351,1432.352146571,275,391168.0,2314.0,0.45027786,11.4748125
0.029248048,0.0,-5173.8,4.2283435,1790876600.620269,0.0011229814,191,0.0020218159,0.2,0.0003,-1.2133974,1442.353415164,275,393216.0,2314.0,0.4531141,7.218114
0.038476564,0.0,-5173.8,5.488069,1790876608.012831,-0.00059679936,192,0.0026447256,0.2,0.0003,-1.2134455,1447.354095527,275,395264.0,2314.0,0.45252198,7.335543
0.06225586,-1.1920929e-07,-5173.8,7.126251,1790876615.2700117,-0.002076061,193,0.00579778,0.2,0.0003,-1.2133359,1452.355468935,275,397312.0,2314.0,0.4518464,11.166876
0.050634764,5.9604645e-08,-5173.8,3.1323447,1790876622.5332093,-0.001724511,194,0.0053347303,0.2,0.0003,-1.218557,1462.359043957,275,399360.0,2314.0,0.45446384,6.2471666
0.022851562,0.0,-5173.8,4.298678,1790876630.017026,0.00086672377,195,0.0014141335,0.2,0.0003,-1.2228765,1467.360873803,275,401408.0,2314.0,0.45331842,9.0151415
0.023583984,-1.1920929e-07,-5173.8,3.3760853,1790876637.5139287,0.0017160003,196,0.003929607,0.2,0.0003,-1.2212002,1477.362791001,275,403456.0,2314.0,0.45405102,8.989366
0.033154298,-1.1920929e-07,-5173.8,5.2377806,1790876645.0125282,0.000602044,197,0.0036051217,0.2,0.0003,-1.207573,1482.364412785,275,405504.0,2314.0,0.44954622,8.62455
0.032714844,0.0,-5173.8,5.0740857,1790876652.438178,0.0009409765,198,0.0036607264,0.2,0.0003,-1.1932368,1492.366496169,275,407552.0,2314.0,0.44843566,8.4966135
0.0234375,0.0,-5173.8,5.2830048,1790876659.8418477,0.0014281194,199,0.0051954025,0.2,0.0003,-1.1847978,1497.368279588,275,409600.0,2314.0,0.44493705,7.3726835
0.035253905,0.0,-5173.8,4.126565,1790876667.2436116,0.0011655332,200,0.0048925905,0.2,0.0003,-1.1718657,1507.37100764,275,411648.0,2314.0,0.4417964,9.181567
0.025976563,0.0,-5173.8,2.918734,1790876674.643715,0.000763225,201,0.0025848895,0.2,0.0003,-1.1717457,1512.372585305,275,413696.0,2314.0,0.4431538,7.9767313
0.043554686,0.0,-5173.8,3.5277476,1790876682.0268514,0.0009402043,202,0.005658908,0.2,0.0003,-1.1767535,1522.376316378,275,415744.0,2314.0,0.44383776,7.1402454
0.053515624,0.0,-5173.8,7.0847626,1790876689.4294338,-0.0014154793,203,0.005113824,0.2,0.0003,-1.1773119,1527.37763432,275,417792.0,2314.0,0.44449788,9.290734
0.03173828,0.0,-5173.8,4.332131,1790876696.724243,0.0013230247,204,0.004960074,0.2,0.0003,-1.1894385,1537.379005064,275,419840.0,2314.0,0.44883975,8.668854
0.039160155,0.0,-5173.8,2.6521516,1790876704.1626873,0.000764919,205,0.0034821238,0.2,0.0003,-1.1947432,1542.380577111,275,421888.0,2314.0,0.4498151,7.8188543
0.032324217,0.0,-5173.8,3.8010461,1790876711.5503647,-0.00026482463,206,0.004488752,0.2,0.0003,-1.1948886,1552.382602456,275,423936.0,2314.0,0.44880095,8.605116
0.02607422,0.0,-5173.8,4.736633,1790876718.9384449,0.0014416456,207,0.0022438029,0.2,0.0003,-1.1932751,1557.384288808,275,425984.0,2314.0,0.44826722,7.977939
0.0359375,0.0,-5173.8,3.7021604,1790876726.3376691,0.0015217472,208,0.0025006246,0.2,0.0003,-1.1949778,1567.387085556,275,428032.0,2314.0,0.44876748,7.4227376
0.023486327,0.0,-5173.8,5.8689604,1790876733.725696,0.0017068413,209,0.0030810086,0.2,0.0003,-1.1991217,1572.388564055,275,430080.0,2314.0,0.4497829,8.9723835
0.046240233,-1.1920929e-07,-5173.8,3.32869,1790876741.1309106,-0.00013239011,210,0.0058590947,0.2,0.0003,-1.2048583,1582.390028916,275,432128.0,2314.0,0.44968724,7.513847
0.05307617,0.0,-5173.8,5.485617,1790876748.5246944,-0.0009864005,211,0.0049036443,0.2,0.0003,-1.1995316,1587.391816661,275,434176.0,2314.0,0.44868648,8.391756
0.030712891,1.1920929e-07,-5173.8,6.1344395,1790876755.861499,-6.002203e-05,212,0.0052836863,0.2,0.0003,-1.2055525,1597.394243813,275,436224.0,2314.0,0.4509029,8.78496
0.054394532,0.0,-5173.8,1.9202031,1790876763.2592165,-0.00093113736,213,0.0030207445,0.2,0.0003,-1.2163495,1602.39554961,275,438272.0,2314.0,0.45148158,7.3755417
0.0265625,-1.1920929e-07,-5173.8,6.010198,1790876770.6467614,0.0008638214,214,0.0043609953,0.2,0.0003,-1.2017881,1612.397848344,275,440320.0,2314.0,0.44431275,9.221255
0.035986327,1.1920929e-07,-5173.8,4.5356197,1790876778.0474575,0.00010720234,215,0.005037076,0.2,0.0003,-1.1865331,1617.398489056,275,442368.0,2314.0,0.4449123,8.024896
0.027148437,0.0,-5173.8,4.2818184,1790876785.4354188,0.0013706601,216,0.0024478568,0.2,0.0003,-1.184392,1627.40083085,275,444416.0,2314.0,0.4433182,9.07293
0.017871093,0.0,-5173.8,4.9319105,1790876792.845156,0.0005165622,217,0.0025712051,0.2,0.0003,-1.1812,1632.401514467,275,446464.0,2314.0,0.44248334,10.042663
0.051416017,-1.1920929e-07,-5173.8,5.0342355,1790876800.2642105,-0.0021019601,218,0.0049170745,0.2,0.0003,-1.1804016,1637.403091392,275,448512.0,2314.0,0.4421102,8.78462
0.0421875,1.1920929e-07,-5173.8,5.7142553,1790876807.6182616,-0.00062019523,219,0.0039315787,0.2,0.0003,-1.1725757,1647.404737368,275,450560.0,2314.0,0.4408548,9.620527
0.07104492,1.1920929e-07,-5173.8,4.9683313,1790876815.0308573,-0.0039534555,220,0.007109169,0.2,0.0003,-1.1749414,1652.406196762,275,452608.0,2314.0,0.44231826,9.402384
0.035302736,0.0,-5173.8,4.939472,1790876822.4390702,-0.0008314637,221,0.0029249853,0.2,0.0003,-1.177646,1662.4083008,275,454656.0,2314.0,0.43958822,8.961081
0.031201173,0.0,-5173.8,3.142169,1790876829.833554,0.0011297193,222,0.0024664167,0.2,0.0003,-1.1640332,1667.409603051,275,456704.0,2314.0,0.43626294,7.482484
0.027978515,0.0,-5173.8,4.5940075,1790876837.2376606,-0.0003511427,223,0.0018274854,0.2,0.0003,-1.1442894,1677.411083403,275,458752.0,2314.0,0.4303013,10.123575
0.054833986,0.0,-5173.8,4.2609577,1790876844.6096928,-0.00053160556,224,0.005113079,0.2,0.0003,-1.1393185,1682.412418283,275,460800.0,2314.0,0.43324918,8.888096
0.015771484,0.0,-5173.8,3.3612835,1790876852.0106535,0.0017177502,225,0.0026660063,0.2,0.0003,-1.1368461,1692.414746278,275,462848.0,2314.0,0.4296609,8.933969
0.06660156,0.0,-5173.8,3.7618608,1790876859.4108164,-0.0025327557,226,0.0045317225,0.2,0.0003,-1.1322018,1697.416628219,275,464896.0,2314.0,0.4303378,8.394063
0.041015625,0.0,-5173.8,3.2385037,1790876866.802678,-0.001050286,227,0.0039766496,0.2,0.0003,-1.1136526,1707.418917104,275,466944.0,2314.0,0.42286846,9.998578
0.05029297,-1.1920929e-07,-5173.8,4.861699,1790876874.0977502,6.368223e-05,228,0.0009543986,0.2,0.0003,-1.0967648,1712.420183547,275,468992.0,2314.0,0.42265195,10.088133
0.0328125,0.0,-5173.8,3.512277,1790876881.4557142,0.000776898,229,0.0047101453,0.2,0.0003,-1.0958686,1722.422620576,275,471040.0,2314.0,0.42225415,8.068987
0.02265625,0.0,-5173.8,4.0628066,1790876888.8280387,0.0006017449,230,0.002460063,0.2,0.0003,-1.0947416,1727.423927638,275,473088.0,2314.0,0.42218983,8.662969
0.02578125,0.0,-5173.8,5.722898,1790876896.2257838,0.000446094,231,0.0030075246,0.2,0.0003,-1.1013229,1737.425274928,275,475136.0,2314.0,0.42550284,11.584567
0.07949219,0.0,-5173.8,3.311717,1790876903.6085184,-0.0030488216,232,0.00809167,0.2,0.0003,-1.1053908,1742.426876858,275,477184.0,2314.0,0.42482832,6.7950296
0.054101564,1.1920929e-07,-5173.8,5.5986643,1790876911.0090592,-0.00015997814,233,0.0062985923,0.2,0.0003,-1.0876938,1752.429424669,275,479232.0,2314.0,0.41870123,8.364319
0.02236328,0.0,-5173.8,6.9814916,1790876918.4104557,0.001067406,234,0.006272123,0.2,0.0003,-1.0697894,1757.430638212,275,481280.0,2314.0,0.41627598,11.303252
0.05390625,0.0,-5173.8,5.6708097,1790876925.8299105,-0.0022337998,235,0.0044170273,0.2,0.0003,-1.0565575,1767.43314473,275,483328.0,2314.0,0.41301942,10.781622
0.048193358,0.0,-5173.8,4.9038167,1790876933.1012857,-0.00015452979,236,0.0036609985,0.2,0.0003,-1.0444692,1772.434669706,275,485376.0,2314.0,0.41154948,9.365609
0.044042967,0.0,-5173.8,5.932317,1790876940.4310257,-0.0005177752,237,0.0033528903,0.2,0.0003,-1.0434487,1777.43561518,275,487424.0,2314.0,0.411669,10.040587
0.03178711,0.0,-5173.8,4.1792674,1790876947.7690187,0.0010309846,238,0.0057147387,0.2,0.0003,-1.0379586,1787.437230446,275,489472.0,2314.0,0.41000545,8.937314
0.035351563,-1.1920929e-07,-5173.8,4.7721567,1790876955.1406112,0.0012519932,239,0.0037811848,0.2,0.0003,-1.0365032,1792.43881667,275,491520.0,2314.0,0.41169745,9.097318
0.068164065,-1.1920929e-07,-5173.8,4.6327615,1790876962.5298212,-0.0011336511,240,0.0054096784,0.2,0.0003,-1.0398408,1802.440730835,275,493568.0,2314.0,0.41157588,10.639383
0.026416015,1.1920929e-07,-5173.8,5.190441,1790876969.8751125,0.00061468134,241,0.0035901377,0.2,0.0003,-1.0465139,1807.441775857,275,495616.0,2314.0,0.41582364,10.5952635
0.025341798,0.0,-5173.8,5.009434,1790876977.2024536,0.0010065974,242,0.0034723864,0.2,0.0003,-1.0486243,1817.443054178,275,497664.0,2314.0,0.4126155,9.728231
0.050390624,5.9604645e-08,-5173.8,6.2159038,1790876984.5758712,-0.0011631527,243,0.0044456613,0.2,0.0003,-1.037263,1822.445061998,275,499712.0,2314.0,0.41206962,10.721528
0.062451173,1.1920929e-07,-5173.8,4.894357,1790876991.9536688,-0.0016828199,244,0.0055547813,0.2,0.0003,-1.0278091,1832.447604107,275,501760.0,2314.0,0.40930903,9.7924595
0.031445313,0.0,-5173.8,3.449888,1790876999.3391643,0.00053359446,245,0.0029450546,0.2,0.0003,-1.0145098,1837.44839329,275,503808.0,2314.0,0.40735745,9.011335
0.019824218,0.0,-5173.8,5.014351,1790877006.610394,0.0016054986,246,0.0018961028,0.2,0.0003,-1.0071207,1847.450465319,275,505856.0,2314.0,0.4060189,11.193937
0.044873048,0.0,-5173.8,4.056369,1790877014.0012484,-0.0005123792,247,0.0030799191,0.2,0.0003,-0.9943674,1852.452129151,275,507904.0,2314.0,0.40214986,10.866918
0.035058595,0.0,-5173.8,3.7833052,1790877021.3782964,0.0013024964,248,0.0049561555,0.2,0.0003,-0.9901816,1862.453813778,275,509952.0,2314.0,0.4021991,10.867417
0.03779297,1.1920929e-07,-5173.8,4.013743,1790877028.705492,2.6976195e-06,249,0.0033908936,0.2,0.0003,-0.9650725,1867.454529562,275,512000.0,2314.0,0.39359826,10.6342125
0.0359375,-1.1920929e-07,-5173.8,4.639683,1790877036.0969532,0.0012139179,250,0.003993619,0.2,0.0003,-0.94425887,1877.457252172,275,514048.0,2314.0,0.3953427,9.794652
0.0519043,0.0,-5173.8,5.997109,1790877043.5371447,-0.0009441121,251,0.005301802,0.2,0.0003,-0.9405718,1882.457989581,275,516096.0,2314.0,0.3925957,11.317148
0.034521483,0.0,-5173.8,5.890632,1790877050.8851042,-0.00014684709,252,0.0025239382,0.2,0.0003,-0.93611044,1892.460777577,275,518144.0,2314.0,0.39257342,11.280165
0.034863282,-1.1920929e-07,-5173.8,6.3932467,1790877058.275009,0.001450742,253,0.0046527097,0.2,0.0003,-0.9359538,1897.462165527,275,520192.0,2314.0,0.39127165,11.256925
0.019140625,0.0,-5173.8,3.5376995,1790877065.711109,0.0016481172,254,0.0025833242,0.2,0.0003,-0.9320033,1907.464094596,275,522240.0,2314.0,0.3907128,11.323141
0.050878905,0.0,-5173.8,5.0193195,1790877073.1044016,-0.00014878719,255,0.0051217033,0.2,0.0003,-0.9264021,1912.465256243,275,524288.0,2314.0,0.3903215,10.323602
0.03769531,-1.1920929e-07,-5173.8,4.7873607,1790877080.5003333,0.0017130887,256,0.0069069588,0.2,0.0003,-0.9209703,1922.467528959,275,526336.0,2314.0,0.39070427,11.039921
0.023095703,0.0,-5173.8,6.051667,1790877087.9237769,0.0013476134,257,0.0026750523,0.2,0.0003,-0.9397587,1927.469184668,275,528384.0,2314.0,0.39623174,10.736765
0.042626955,0.0,-5173.8,5.128947,1790877095.298532,0.001176138,258,0.004263284,0.2,0.0003,-0.954007,1932.470333972,275,530432.0,2314.0,0.39555514,11.251995
0.068164065,0.0,-5173.8,5.547197,1790877102.69184,-0.0014924221,259,0.007858613,0.2,0.0003,-0.9568885,1942.472162948,275,532480.0,2314.0,0.39763373,10.943317
0.055761717,0.0,-5173.8,4.007908,1790877110.0901582,-0.0025541068,260,0.005188517,0.2,0.0003,-0.9446201,1947.473400352,275,534528.0,2314.0,0.39294064,10.015425
0.04663086,1.1920929e-07,-5173.8,5.2594376,1790877117.5055916,0.00013075357,261,0.0027385913,0.2,0.0003,-0.91692567,1957.475192048,275,536576.0,2314.0,0.3867431,9.958744
0.043701172,0.0,-5173.8,4.4381475,1790877124.8933673,-0.0004240358,262,0.00376388,0.2,0.0003,-0.897442,1962.476414479,275,538624.0,2314.0,0.38530114,10.716323
0.020361328,0.0,-5173.8,5.886829,1790877132.3294952,0.0007020704,263,0.002442617,0.2,0.0003,-0.8933046,1972.479086265,275,540672.0,2314.0,0.38547295,11.328613
0.03100586,-1.1920929e-07,-5173.8,6.8946958,1790877139.7416341,0.0011759491,264,0.0043275366,0.2,0.0003,-0.9099194,1977.480711267,275,542720.0,2314.0,0.38947728,11.302077
0.035498045,-1.1920929e-07,-5173.8,4.890317,1790877147.1458843,-0.00045694827,265,0.0035576317,0.2,0.0003,-0.91927063,1987.483421144,275,544768.0,2314.0,0.38932943,11.286451
0.0421875,1.1920929e-07,-5173.8,5.754901,1790877154.5696733,0.0025635373,266,0.0032183481,0.2,0.0003,-0.9106739,1992.484618553,275,546816.0,2314.0,0.38431364,10.187464
0.04951172,0.0,-5173.8,5.3139215,1790877161.976635,-0.0001468383,267,0.0061963913,0.2,0.0003,-0.8983825,2002.487464959,275,548864.0,2314.0,0.3845464,11.274756
0.041259766,-1.1920929e-07,-5173.8,4.5996146,1790877169.3567054,0.0014061261,268,0.004598203,0.2,0.0003,-0.8993406,2007.48895069,275,550912.0,2314.0,0.3839593,11.266212
0.027978515,0.0,-5173.8,6.4684,1790877176.785119,0.0014543016,269,0.004266765,0.2,0.0003,-0.900301,2017.491064612,275,552960.0,2314.0,0.38481337,11.259769
0.022021484,0.0,-5173.8,4.3731165,1790877184.2099364,0.00064553024,270,0.0020054376,0.2,0.0003,-0.8933731,2022.492054287,275,555008.0,2314.0,0.38293326,11.255347
0.03046875,0.0,-5173.8,5.1886344,1790877191.540563,0.00028887985,271,0.002175866,0.2,0.0003,-0.89386797,2032.494889249,275,557056.0,2314.0,0.38497698,11.253155
0.06918945,0.0,-5173.8,5.692904,1790877198.900943,-0.0007407088,272,0.00494558,0.2,0.0003,-0.88994753,2037.495833585,275,559104.0,2314.0,0.37990725,11.251643
0.03642578,0.0,-5173.8,5.948703,1790877206.3098383,0.00018220385,273,0.0033283108,0.2,0.0003,-0.8678369,2047.497350989,275,561152.0,2314.0,0.37722415,11.25098
0.038085938,1.7881393e-07,-5173.8,3.9508927,1790877213.7151682,0.00090254616,274,0.0031748589,0.2,0.0003,-0.8662517,2052.498784545,275,563200.0,2314.0,0.37824163,11.247724
0.020458985,5.9604645e-08,-5173.8,3.6281939,1790877221.1030974,0.0014918033,275,0.0045715766,0.2,0.0003,-0.8543431,2062.500827768,275,565248.0,2314.0,0.37335926,11.249395
0.030371094,0.0,-5173.8,5.2254148,1790877228.5307393,0.0014720393,276,0.003412812,0.2,0.0003,-0.8401188,2067.502668125,275,567296.0,2314.0,0.37230518,11.245444
0.044189453,0.0,-5173.8,5.0991874,1790877235.9540455,4.6171204e-05,277,0.0043900483,0.2,0.0003,-0.83355933,2077.504415462,275,569344.0,2314.0,0.3697937,11.245129
0.03691406,0.0,-5173.8,6.1465425,1790877243.3799381,-0.0006475264,278,0.004127089,0.2,0.0003,-0.83072454,2082.506121485,275,571392.0,2314.0,0.37230617,11.245321
0.055664062,5.9604645e-08,-5173.8,5.5241942,1790877250.791368,0.0009804239,279,0.004108553,0.2,0.0003,-0.8370708,2092.507937919,275,573440.0,2314.0,0.37181252,11.2485075
0.04135742,0.0,-5173.8,5.3573194,1790877258.160922,0.00026121573,280,0.005658881,0.2,0.0003,-0.84133387,2097.509071531,275,575488.0,2314.0,0.3747977,11.249105
0.047460936,-1.1920929e-07,-5173.8,4.569753,1790877265.584028,-0.00025974834,281,0.005100121,0.2,0.0003,-0.8514622,2107.511257021,275,577536.0,2314.0,0.37434927,11.243532
0.034277342,0.0,-5173.8,6.2149687,1790877273.0159357,-0.00013070698,282,0.002773219,0.2,0.0003,-0.85940737,2112.512686095,275,579584.0,2314.0,0.37889004,11.242324
0.044921875,0.0,-5173.8,5.40174,1790877280.446285,-0.0006952506,283,0.0036960228,0.2,0.0003,-0.8626068,2117.514301608,275,581632.0,2314.0,0.37731844,11.24289
0.06586914,0.0,-5173.8,4.152275,1790877287.8207707,-0.00042491755,284,0.0036563305,0.2,0.0003,-0.85789126,2127.516093576,275,583680.0,2314.0,0.37712452,11.2416525
0.03696289,0.0,-5173.8,5.788262,1790877295.2039273,-0.0007347714,285,0.0036128743,0.2,0.0003,-0.8664499,2132.517474951,275,585728.0,2314.0,0.38032618,11.245151
0.050927736,5.9604645e-08,-5173.8,4.4606857,1790877302.580469,-0.00031362602,286,0.0057555307,0.2,0.0003,-0.8760833,2142.519387087,275,587776.0,2314.0,0.38066685,11.242355
0.03793945,0.0,-5173.8,4.7325897,1790877309.998604,0.001071432,287,0.0026355707,0.2,0.0003,-0.8696475,2147.520267018,275,589824.0,2314.0,0.37923288,11.244984
0.04121094,0.0,-5173.8,5.8902917,1790877317.3998353,0.0011346275,288,0.0013617428,0.2,0.0003,-0.86867565,2157.521743143,275,591872.0,2314.0,0.37939906,11.242065
0.03701172,0.0,-5173.8,5.875931,1790877324.8180487,0.0010029619,289,0.003414727,0.2,0.0003,-0.87511337,2162.522548078,275,593920.0,2314.0,0.38208687,11.243946
0.042236328,0.0,-5173.8,5.844048,1790877332.1279094,0.0011808577,290,0.0018042296,0.2,0.0003,-0.86176044,2172.525290154,275,595968.0,2314.0,0.3746364,11.242129
0.05678711,0.0,-5173.8,5.2536955,1790877339.5400271,0.00048245664,291,0.0060461,0.2,0.0003,-0.8385655,2177.526123433,275,598016.0,2314.0,0.37434602,11.244619
0.044433594,0.0,-5173.8,5.9894085,1790877346.9128442,0.0003278501,292,0.0050299754,0.2,0.0003,-0.83515227,2187.528952038,275,600064.0,2314.0,0.373928,11.23923
0.056591798,0.0,-5173.8,4.45746,1790877354.3349595,-0.0002927078,293,0.005040006,0.2,0.0003,-0.83085245,2192.530267513,275,602112.0,2314.0,0.37111032,11.238918
0.0418457,0.0,-5173.8,5.928669,1790877361.7783852,0.00047784075,294,0.004310473,0.2,0.0003,-0.8135473,2202.532715393,275,604160.0,2314.0,0.36925352,11.241279
0.058154296,0.0,-5173.8,3.614328,1790877369.155314,-2.3200279e-05,295,0.0051405854,0.2,0.0003,-0.80832064,2207.534510489,275,606208.0,2314.0,0.3690899,11.240177
0.016455078,5.9604645e-08,-5173.8,5.7543387,1790877376.588279,0.0017450532,296,0.0030401184,0.2,0.0003,-0.80531067,2217.536754168,275,608256.0,2314.0,0.36746877,11.110225
0.0340332,-1.1920929e-07,-5173.8,4.7215447,1790877383.8678606,0.000955812,297,0.004765875,0.2,0.0003,-0.7956307,2222.538438037,275,610304.0,2314.0,0.36708003,11.047487
0.042871095,0.0,-5173.8,5.167702,1790877391.3114421,-0.0001534784,298,0.0013953156,0.2,0.0003,-0.79221034,2232.540921935,275,612352.0,2314.0,0.36570045,11.220006
0.05258789,0.0,-5173.8,4.8427463,1790877398.6628668,-0.0009175412,299,0.0054035634,0.2,0.0003,-0.8008421,2237.541651546,275,614400.0,2314.0,0.3703069,11.225763
0.039941408,0.0,-5173.8,6.1531706,1790877405.9811032,0.0018633927,300,0.0030046382,0.2,0.0003,-0.8070694,2247.544108078,275,616448.0,2314.0,0.36995238,11.224885
0.042529296,1.7881393e-07,-5173.8,5.6388884,1790877413.414722,-0.00042953275,301,0.00412032,0.2,0.0003,-0.8141528,2252.545316331,275,618496.0,2314.0,0.37143996,11.22183
0.03745117,0.0,-5173.8,5.4050574,1790877420.8251438,0.0014680977,302,0.0033880756,0.2,0.0003,-0.81806356,2262.546646366,275,620544.0,2314.0,0.3727141,11.223619
0.050927736,0.0,-5173.8,4.9560018,1790877428.1315,-0.000110664805,303,0.004334402,0.2,0.0003,-0.8192515,2267.5474267,276,622592.0,2314.0,0.3722236,11.224924
0.038232423,0.0,-5173.8,5.687746,1790877435.5639186,0.0010977694,304,0.0045889397,0.2,0.0003,-0.82146686,2272.549036851,276,624640.0,2314.0,0.37262502,11.224228
0.026953125,-1.1920929e-07,-5173.8,5.163277,1790877442.9794846,0.0002471685,305,0.0035258746,0.2,0.0003,-0.8119289,2282.551179499,276,626688.0,2314.0,0.37018126,10.730172
0.06459961,0.0,-5173.8,6.142418,1790877450.3665032,-0.002653365,306,0.006065646,0.2,0.0003,-0.78924125,2287.552970677,276,628736.0,2314.0,0.36524278,10.399212
0.046582032,0.0,-5173.8,7.1147704,1790877457.7701576,0.0011303711,307,0.007806834,0.2,0.0003,-0.76277345,2297.555284982,276,630784.0,2314.0,0.36086375,11.167098
0.061767578,0.0,-5173.8,4.727373,1790877465.1803968,0.00022634746,308,0.0058982396,0.2,0.0003,-0.7497807,2302.556907654,276,632832.0,2314.0,0.35982573,11.215178
0.053222656,0.0,-5173.8,5.334096,1790877472.5713975,0.00036923122,309,0.0050415327,0.2,0.0003,-0.74358064,2312.559371999,276,634880.0,2314.0,0.3581391,11.212924
0.03569336,0.0,-5173.8,5.576599,1790877479.906935,0.0005956238,310,0.0021054908,0.2,0.0003,-0.7525349,2317.560573603,276,636928.0,2314.0,0.36133823,11.2147875
0.07421875,0.0,-5173.8,5.980222,1790877487.3011827,-0.0006817088,311,0.0058107674,0.2,0.0003,-0.7671092,2327.562352171,276,638976.0,2314.0,0.36333352,11.214059
0.031396486,0.0,-5173.8,5.918125,1790877494.6910222,0.00052682124,312,0.0033264523,0.2,0.0003,-0.770565,2332.563017615,276,641024.0,2314.0,0.3624413,11.214123
0.04345703,0.0,-5173.8,5.895753,1790877502.08917,-1.4054155e-05,313,0.0019669805,0.2,0.0003,-0.7775963,2342.565166651,276,643072.0,2314.0,0.36512238,11.2148485
0.07133789,5.9604645e-08,-5173.8,6.1061172,1790877509.4886155,-0.0021018325,314,0.0058671664,0.2,0.0003,-0.76790595,2347.566429991,276,645120.0,2314.0,0.3600943,11.214666
0.047460936,-1.1920929e-07,-5173.8,5.2661877,1790877516.856806,0.0011900977,315,0.004718903,0.2,0.0003,-0.7658642,2357.568307946,276,647168.0,2314.0,0.36391866,11.216952
0.029589843,0.0,-5173.8,5.7267528,1790877524.2404726,0.0016326838,316,0.0045494754,0.2,0.0003,-0.7658116,2362.569452383,276,649216.0,2314.0,0.3604715,11.215352
0.053808592,0.0,-5173.8,6.119517,1790877531.632022,0.0002888221,317,0.003839923,0.2,0.0003,-0.7550787,2372.57085148,276,651264.0,2314.0,0.36082876,11.212203
0.024902344,0.0,-5173.8,6.5542603,1790877539.0044146,0.0015908052,318,0.0022241862,0.2,0.0003,-0.7551406,2377.571778627,276,653312.0,2314.0,0.3608733,11.214901
0.056591798,0.0,-5173.8,5.821308,1790877546.3861454,0.000779615,319,0.0051516197,0.2,0.0003,-0.755581,2387.57350356,276,655360.0,2314.0,0.35992807,11.216684
0.059472658,0.0,-5173.8,4.446099,1790877553.7841434,0.00087208557,320,0.0066027762,0.2,0.0003,-0.7497912,2392.575061619,276,657408.0,2314.0,0.35945976,11.211982
0.039453126,0.0,-5173.8,4.7911353,1790877561.1694286,0.000888308,321,0.005234682,0.2,0.0003,-0.7479471,2402.576632599,276,659456.0,2314.0,0.35901418,11.212091
0.064648435,0.0,-5173.8,7.1746936,1790877568.5488446,-0.001152255,322,0.0051108445,0.2,0.0003,-0.74373263,2407.577917149,276,661504.0,2314.0,0.35845017,11.214124
0.03330078,0.0,-5173.8,5.7368617,1790877575.927327,0.0017235234,323,0.0034013735,0.2,0.0003,-0.7397841,2417.57950077,276,663552.0,2314.0,0.35753316,11.213385
0.068310544,0.0,-5173.8,4.736175,1790877583.2964606,0.0004010164,324,0.005884207,0.2,0.0003,-0.7289637,2422.58091387,276,665600.0,2314.0,0.3544763,11.212572
0.037988283,0.0,-5173.8,6.5817933,1790877590.700588,0.00070020865,325,0.003320593,0.2,0.0003,-0.72170365,2432.583274099,276,667648.0,2314.0,0.3554147,11.213684
0.025390625,0.0,-5173.8,5.42911,1790877598.0933664,0.0020604325,326,0.0029913858,0.2,0.0003,-0.72170925,2437.585805585,276,669696.0,2314.0,0.35486108,11.214562
0.02241211,0.0,-5173.8,6.8137126,1790877605.3257806,0.00196621,327,0.0021843545,0.2,0.0003,-0.7201598,2442.586537952,276,671744.0,2314.0,0.3543784,11.213494
0.050488282,0.0,-5173.8,6.3330665,1790877612.7336998,-0.0010933712,328,0.0053898683,0.2,0.0003,-0.7215583,2452.58817976,276,673792.0,2314.0,0.35380465,11.216723
0.058154296,0.0,-5173.8,5.213652,1790877620.1066182,-0.00076511974,329,0.0029251724,0.2,0.0003,-0.73219514,2457.589552678,276,675840.0,2314.0,0.3573922,11.213123
0.05708008,-1.1920929e-07,-5173.8,8.042376,1790877627.4617863,-6.034051e-05,330,0.0034549353,0.2,0.0003,-0.7454864,2467.591911762,276,677888.0,2314.0,0.3585851,11.213721
0.030029297,0.0,-5173.8,5.9177713,1790877634.8523765,0.0020633675,331,0.003442942,0.2,0.0003,-0.754118,2472.593313491,276,679936.0,2314.0,0.36007637,11.214503
0.033691406,0.0,-5173.8,4.202244,1790877642.2336357,0.00014300874,332,0.0017695805,0.2,0.0003,-0.76121855,2482.594788685,276,681984.0,2314.0,0.3616771,11.212406
0.03564453,0.0,-5173.8,6.1007395,1790877649.641506,0.0010252754,333,0.0048202937,0.2,0.0003,-0.76921654,2487.596257381,276,684032.0,2314.0,0.36030516,11.213741
0.05,5.9604645e-08,-5173.8,5.879936,1790877657.0159342,-0.0004802651,334,0.004626207,0.2,0.0003,-0.774943,2497.598280444,276,686080.0,2314.0,0.36340624,11.213368
0.025439452,0.0,-5173.8,5.439115,1790877664.4241517,0.0016661681,335,0.00349148,0.2,0.0003,-0.7652563,2502.599931905,276,688128.0,2314.0,0.35782546,11.214075
0.028222656,-1.1920929e-07,-5173.8,4.8212433,1790877671.828275,0.0018624124,336,0.002537496,0.2,0.0003,-0.7533016,2512.602092438,276,690176.0,2314.0,0.35832465,11.2115965
0.06386719,0.0,-5173.8,4.628876,1790877679.228743,-0.0016986835,337,0.005586135,0.2,0.0003,-0.7556638,2517.603539924,276,692224.0,2314.0,0.35851806,11.211813
0.041650392,0.0,-5173.8,5.702465,1790877686.6262782,0.0010343548,338,0.0033650943,0.2,0.0003,-0.750701,2527.605444639,276,694272.0,2314.0,0.35646832,11.213332
0.068408206,5.9604645e-08,-5173.8,5.234658,1790877694.042121,-0.0020688914,339,0.005829021,0.2,0.0003,-0.73990774,2532.606180772,276,696320.0,2314.0,0.35462877,11.211601
0.072314456,0.0,-5173.8,6.146455,1790877701.4503903,-0.0023499974,340,0.0055987537,0.2,0.0003,-0.7219984,2542.608312774,276,698368.0,2314.0,0.35091573,11.21262
0.028320312,-1.1920929e-07,-5173.8,6.5807843,1790877708.8575153,0.0012088815,341,0.002585255,0.2,0.0003,-0.7120331,2547.60976174,276,700416.0,2314.0,0.35090798,11.214684
0.051074218,0.0,-5173.8,5.0749235,1790877716.2581272,-0.00044148185,342,0.0057347906,0.2,0.0003,-0.7048755,2557.612039224,276,702464.0,2314.0,0.34839404,11.214354
0.040478516,-1.1920929e-07,-5173.8,5.3089976,1790877723.6568546,0.0010103441,343,0.004037158,0.2,0.0003,-0.7021466,2562.613477124,276,704512.0,2314.0,0.34935904,11.2125635
0.041308593,0.0,-5173.8,6.458608,1790877731.1253104,0.00055144494,344,0.0020318786,0.2,0.0003,-0.7078327,2572.616213024,276,706560.0,2314.0,0.35017055,11.213587
0.04082031,0.0,-5173.8,5.3478384,1790877738.6028967,0.001312387,345,0.0022862235,0.2,0.0003,-0.7034237,2577.617630717,276,708608.0,2314.0,0.3473037,11.213216
0.051464844,0.0,-5173.8,5.876996,1790877746.0774806,-0.0004937934,346,0.004392784,0.2,0.0003,-0.69276303,2587.620033822,276,710656.0,2314.0,0.3467636,11.212005
0.033496093,0.0,-5173.8,5.430561,1790877753.561614,0.0008407116,347,0.004327203,0.2,0.0003,-0.69156945,2592.621405225,276,712704.0,2314.0,0.3475369,11.213268
0.037744142,0.0,-5173.8,6.2249455,1790877761.0588338,0.0012799032,348,0.0024093722,0.2,0.0003,-0.70009106,2602.623488503,276,714752.0,2314.0,0.35046193,11.21278
0.04086914,5.9604645e-08,-5173.8,6.1584444,1790877768.5067022,0.0018320022,349,0.0033157463,0.2,0.0003,-0.70514625,2607.624505673,276,716800.0,2314.0,0.34979397,11.21067
0.039453126,0.0,-5173.8,5.0766673,1790877775.992079,0.0009216357,350,0.006999461,0.2,0.0003,-0.6991799,2617.626865321,276,718848.0,2314.0,0.3471084,11.213139
0.06298828,0.0,-5173.8,5.6671586,1790877783.4853396,-0.0010702381,351,0.0058428133,0.2,0.0003,-0.6809228,2622.628546672,276,720896.0,2314.0,0.34459776,11.214097
0.04765625,0.0,-5173.8,4.6998267,1790877790.6843426,7.46858e-05,352,0.0017943936,0.2,0.0003,-0.6801193,2627.630240603,276,722944.0,2314.0,0.34693053,11.211947
0.03652344,0.0,-5173.8,5.855488,1790877797.9888344,0.0009081341,353,0.0043641897,0.2,0.0003,-0.6854389,2637.631596921,276,724992.0,2314.0,0.3460095,11.214848
0.06557617,0.0,-5173.8,6.7297378,1790877805.2834969,-0.0013670342,354,0.0076071527,0.2,0.0003,-0.6727215,2642.633142727,276,727040.0,2314.0,0.34238505,11.211621
0.03676758,0.0,-5173.8,3.7722743,1790877812.670153,0.0014540907,355,0.0034793173,0.2,0.0003,-0.6656273,2652.635181866,276,729088.0,2314.0,0.34292662,11.212773
0.059814453,0.0,-5173.8,5.433507,1790877820.0521421,0.0019070909,356,0.00520747,0.2,0.0003,-0.6633036,2657.635890875,276,731136.0,2314.0,0.3414987,11.213653
0.050048828,-1.1920929e-07,-5173.8,4.46217,1790877827.44301,0.0012422199,357,0.0057044635,0.2,0.0003,-0.6405415,2667.637863621,276,733184.0,2314.0,0.3371052,11.216882
0.053515624,1.7881393e-07,-5173.8,6.159506,1790877834.8104074,-0.00081602763,358,0.0049153203,0.2,0.0003,-0.6374917,2672.63937697,276,735232.0,2314.0,0.3387782,11.214561
0.057617188,-1.1920929e-07,-5173.8,4.485474,1790877842.221584,-0.00020509429,359,0.0050869635,0.2,0.0003,-0.63776094,2682.641720054,276,737280.0,2314.0,0.33838296,11.215016
0.048583984,5.9604645e-08,-5173.8,5.763741,1790877849.6027954,0.00044023604,360,0.0014655354,0.2,0.0003,-0.6433193,2687.643512946,276,739328.0,2314.0,0.34034538,11.21346
0.049462892,-1.1920929e-07,-5173.8,4.9295235,1790877856.9988086,0.0008275256,361,0.0041538123,0.2,0.0003,-0.641001,2697.645714553,276,741376.0,2314.0,0.33841324,11.212599
0.042089842,0.0,-5173.8,5.1855893,1790877864.4371238,0.0004482764,362,0.0033954042,0.2,0.0003,-0.62923276,2702.647248558,276,743424.0,2314.0,0.3378381,11.211979
0.041308593,0.0,-5173.8,4.804913,1790877871.8222694,0.0016662348,363,0.0035020453,0.2,0.0003,-0.62329817,2712.648768581,276,745472.0,2314.0,0.3354786,11.215666
0.035742186,0.0,-5173.8,6.008771,1790877879.2302647,0.0016818139,364,0.0032918304,0.2,0.0003,-0.6176302,2717.649832248,276,747520.0,2314.0,0.3359992,11.213347
0.04575195,5.9604645e-08,-5173.8,6.022539,1790877886.626245,0.0008174744,365,0.0026165894,0.2,0.0003,-0.6199814,2727.652557096,276,749568.0,2314.0,0.33586237,11.2126
0.030419922,0.0,-5173.8,5.0947847,1790877893.978666,0.0011145563,366,0.003802463,0.2,0.0003,-0.61781085,2732.654364122,276,751616.0,2314.0,0.3342421,11.212225
0.068164065,-1.1920929e-07,-5173.8,6.2278156,1790877901.36456,-0.0009491721,367,0.0054768366,0.2,0.0003,-0.6059804,2742.656520833,276,753664.0,2314.0,0.3315804,11.214634
0.061181642,0.0,-5173.8,5.2681584,1790877908.70846,-0.00054015586,368,0.0062479177,0.2,0.0003,-0.59732383,2747.657443487,276,755712.0,2314.0,0.3309419,11.213613
0.042675782,0.0,-5173.8,4.999111,1790877916.1375387,0.0015882163,369,0.0048021944,0.2,0.0003,-0.6009893,2757.659498421,276,757760.0,2314.0,0.3326565,11.21245
0.03691406,1.7881393e-07,-5173.8,5.0021772,1790877923.5366187,0.00083441776,370,0.0028001955,0.2,0.0003,-0.59943765,2762.660885727,276,759808.0,2314.0,0.32950687,11.212141
0.036865234,0.0,-5173.8,5.090013,1790877930.9732854,0.001646044,371,0.0021227994,0.2,0.0003,-0.59467,2772.662960866,276,761856.0,2314.0,0.32988095,11.213328
0.060595702,0.0,-5173.8,5.6654725,1790877938.3859997,0.00041243018,372,0.003719094,0.2,0.0003,-0.59486586,2777.664061277,276,763904.0,2314.0,0.3313381,11.213685
0.05205078,0.0,-5173.8,6.446496,1790877945.791557,0.0006297659,373,0.005897498,0.2,0.0003,-0.59658444,2787.666820573,276,765952.0,2314.0,0.33211106,10.706852
0.050439455,0.0,-5173.8,7.368494,1790877953.2207088,0.0003389186,374,0.004847754,0.2,0.0003,-0.59916747,2792.668324452,276,768000.0,2314.0,0.3321834,11.259826
0.0675293,-1.1920929e-07,-5173.8,4.550906,1790877960.6326718,-0.002195428,375,0.0053092954,0.2,0.0003,-0.6004605,2797.670327719,276,770048.0,2314.0,0.33255032,11.25955
0.04350586,-1.1920929e-07,-5173.8,5.5478435,1790877967.962337,0.0005613196,376,0.0058567803,0.2,0.0003,-0.5983884,2807.671818457,276,772096.0,2314.0,0.33229196,11.258514
0.035742186,0.0,-5173.8,4.3080387,1790877975.4169588,-9.1360715e-05,377,0.0024818892,0.2,0.0003,-0.5694692,2812.673157538,276,774144.0,2314.0,0.3246622,11.257885
0.04321289,1.1920929e-07,-5173.8,5.2047477,1790877982.8872602,0.0012456166,378,0.0026218023,0.2,0.0003,-0.53658825,2822.674692842,276,776192.0,2314.0,0.32157516,10.332148
0.04321289,5.9604645e-08,-5173.8,5.4046226,1790877990.536471,0.0012140657,379,0.007329976,0.2,0.0003,-0.51898193,2827.676331239,276,778240.0,2314.0,0.31963086,11.164594
0.042333983,0.0,-5173.8,5.5406885,1790877998.0419295,0.0012528284,380,0.003918778,0.2,0.0003,-0.5058817,2837.678884957,276,780288.0,2314.0,0.31812334,11.212654
0.06538086,0.0,-5173.8,4.9433165,1790878005.5665228,-0.00022464208,381,0.007486497,0.2,0.0003,-0.49039713,2842.680344038,276,782336.0,2314.0,0.31409252,11.21485
0.057861328,0.0,-5173.8,5.634537,1790878013.071043,0.0006883631,382,0.006021226,0.2,0.0003,-0.462507,2852.682846629,276,784384.0,2314.0,0.31033307,11.212951
0.022998046,0.0,-5173.8,6.0374923,1790878020.5865436,0.0016500949,383,0.0036217284,0.2,0.0003,-0.44463837,2857.685186846,276,786432.0,2314.0,0.30863324,11.212855
0.030712891,0.0,-5173.8,6.2488236,1790878028.0898793,0.0012561922,384,0.0027180323,0.2,0.0003,-0.42718852,2867.686990476,276,788480.0,2314.0,0.30505767,11.2127285
0.064501956,0.0,-5173.8,5.6074986,1790878035.5953372,-0.0020690754,385,0.0042383475,0.2,0.0003,-0.41543224,2872.688261596,276,790528.0,2314.0,0.30623066,11.212296
0.04741211,-1.1920929e-07,-5173.8,4.823293,1790878043.093131,0.0014065016,386,0.005035368,0.2,0.0003,-0.4172772,2882.689870823,276,792576.0,2314.0,0.30446953,11.212538
0.06875,0.0,-5173.8,6.558217,1790878050.6118026,-0.0006972787,387,0.005217056,0.2,0.0003,-0.41648236,2892.692130192,276,794624.0,2314.0,0.30473945,11.211981
0.0418457,1.7881393e-07,-5173.8,5.534227,1790878058.2201655,0.00083085336,388,0.0032825838,0.2,0.0003,-0.40855402,2897.69321964,276,796672.0,2314.0,0.3013561,11.211193
0.03959961,0.0,-5173.8,5.1766706,1790878065.736596,0.00035638554,389,0.005633087,0.2,0.0003,-0.39035168,2907.695569176,276,798720.0,2314.0,0.298582,11.21333
0.03515625,-1.1920929e-07,-5173.8,5.5732713,1790878073.250107,0.0021906244,390,0.0021124014,0.2,0.0003,-0.38256446,2912.696490182,276,800768.0,2314.0,0.29900444,11.209831
0.05234375,0.0,-5173.8,5.9284773,1790878080.7623162,-0.000818845,391,0.0061486396,0.2,0.0003,-0.38716114,2922.700450803,276,802816.0,2314.0,0.29956615,11.210994
0.04033203,0.0,-5173.8,6.9340434,1790878088.2716684,0.00015605378,392,0.003432661,0.2,0.0003,-0.3789466,2927.70171279,276,804864.0,2314.0,0.29612264,11.211544
0.058691405,-1.1920929e-07,-5173.8,4.3837743,1790878095.7991097,0.0012019302,393,0.0034143587,0.2,0.0003,-0.35604426,2937.703914039,276,806912.0,2314.0,0.29229736,11.210885
0.042138673,1.7881393e-07,-5173.8,6.736511,1790878103.2864783,0.001957745,394,0.0048716906,0.2,0.0003,-0.3373109,2942.705178849,276,808960.0,2314.0,0.2910707,11.209687
0.040625,0.0,-5173.8,5.658763,1790878110.8136644,0.0010789938,395,0.0045839306,0.2,0.0003,-0.32391354,2952.707122514,276,811008.0,2314.0,0.2884161,11.210463
0.017871093,0.0,-5173.8,4.591089,1790878118.35634,0.001493486,396,0.0040739393,0.2,0.0003,-0.3071609,2957.708303327,275,813056.0,2314.0,0.28668532,11.211331
0.06137695,0.0,-5173.8,5.5175333,1790878125.8779793,0.0016576038,397,0.0039243437,0.2,0.0003,-0.29868126,2967.709215567,275,815104.0,2314.0,0.28524935,11.211122
0.05234375,-1.1920929e-07,-5173.8,6.3073816,1790878133.3858953,0.0003677021,398,0.006363475,0.2,0.0003,-0.28694695,2972.710559285,275,817152.0,2314.0,0.2847991,11.212068
0.06347656,0.0,-5173.8,6.7328753,1790878140.794403,-0.0012529226,399,0.006376836,0.2,0.0003,-0.29453385,2982.71283741,275,819200.0,2314.0,0.28680104,11.210416
0.0690918,0.0,-5173.8,7.6281247,1790878148.2101588,-0.00058039825,400,0.006099208,0.2,0.0003,-0.293665,2987.714401614,275,821248.0,2314.0,0.28628477,11.210464
0.058691405,-1.1920929e-07,-5173.8,5.692182,1790878155.5938933,0.0012545916,401,0.0056557395,0.2,0.0003,-0.28976274,2992.716080769,275,823296.0,2314.0,0.28644732,11.210352
0.0390625,0.0,-5173.8,5.8796654,1790878162.9970665,0.00013563139,402,0.0022620377,0.2,0.0003,-0.27046075,3002.717578001,275,825344.0,2314.0,0.2820435,11.211269
0.04838867,0.0,-5173.8,6.207777,1790878170.423731,0.0016592734,403,0.004645709,0.2,0.0003,-0.25334492,3007.718788987,275,827392.0,2314.0,0.2812048,11.212743
0.05805664,-1.1920929e-07,-5173.8,6.968004,1790878177.827533,0.0024716442,404,0.0035481493,0.2,0.0003,-0.2552695,3017.721274885,275,829440.0,2314.0,0.28141013,11.211813
0.054638673,-1.1920929e-07,-5173.8,6.041833,1790878185.2400467,-0.0009265966,405,0.004968876,0.2,0.0003,-0.23317814,3022.722953246,275,831488.0,2314.0,0.27663904,11.210613
0.04921875,0.0,-5173.8,4.5916142,1790878192.6771362,0.0015385702,406,0.00490475,0.2,0.0003,-0.22690392,3032.724540299,275,833536.0,2314.0,0.27623466,11.210135
0.06362305,0.0,-5173.8,4.3437533,1790878200.0925994,-0.00014430034,407,0.0060204216,0.2,0.0003,-0.21960562,3037.725952373,275,835584.0,2314.0,0.2735786,11.211558
0.05180664,-1.1920929e-07,-5173.8,5.18208,1790878207.3894968,0.00017828037,408,0.004614873,0.2,0.0003,-0.20918648,3047.727968346,275,837632.0,2314.0,0.27357095,11.210757
0.05913086,0.0,-5173.8,5.5608034,1790878214.8098764,0.00089433126,409,0.0051670973,0.2,0.0003,-0.21988262,3052.729195716,275,839680.0,2314.0,0.27570808,11.211084
0.05703125,-1.1920929e-07,-5173.8,6.3429055,1790878222.2471771,0.00040296873,410,0.0073951846,0.2,0.0003,-0.21817198,3062.732328722,275,841728.0,2314.0,0.27448818,11.209183
0.041992188,0.0,-5173.8,6.570572,1790878229.6425953,0.0017918311,411,0.0058904616,0.2,0.0003,-0.20275457,3067.733793375,275,843776.0,2314.0,0.27227128,11.210592
0.062158205,-1.1920929e-07,-5173.8,4.116472,1790878237.0606868,-0.00014174961,412,0.004732112,0.2,0.0003,-0.1960456,3077.736451275,275,845824.0,2314.0,0.2735784,11.209526
0.034277342,1.7881393e-07,-5173.8,5.240018,1790878244.484113,0.0022421398,413,0.002675279,0.2,0.0003,-0.20114335,3082.738130792,275,847872.0,2314.0,0.27398384,11.209622
0.048876952,0.0,-5173.8,4.83434,1790878251.974129,0.0007951326,414,0.0055406354,0.2,0.0003,-0.20716976,3092.739184199,275,849920.0,2314.0,0.27440798,11.209232
0.04584961,0.0,-5173.8,6.08094,1790878259.4478476,0.0020666001,415,0.00556893,0.2,0.0003,-0.1987234,3097.740810726,275,851968.0,2314.0,0.2721936,11.212191
0.068115234,0.0,-5173.8,4.245951,1790878266.8997273,0.00096264604,416,0.007369968,0.2,0.0003,-0.17545684,3107.742797083,275,854016.0,2314.0,0.26957622,11.209877
0.05029297,0.0,-5173.8,5.547967,1790878274.3660285,0.002033782,417,0.002858435,0.2,0.0003,-0.17102483,3112.743575944,275,856064.0,2314.0,0.2703041,11.210329
0.056347657,0.0,-5173.8,4.9403634,1790878281.851446,0.0017910736,418,0.0038470048,0.2,0.0003,-0.1610326,3122.746147998,275,858112.0,2314.0,0.2665774,11.212401
0.04799805,0.0,-5173.8,5.138605,1790878289.3402984,0.00084022904,419,0.004721146,0.2,0.0003,-0.14329378,3127.747215383,275,860160.0,2314.0,0.26482624,11.211625
0.03720703,-1.1920929e-07,-5173.8,5.5478334,1790878296.6634574,0.0027307817,420,0.005111331,0.2,0.0003,-0.14183478,3137.749638773,275,862208.0,2314.0,0.26521444,11.210409
0.06416015,0.0,-5173.8,5.050263,1790878304.1318488,0.00043585504,421,0.0045248163,0.2,0.0003,-0.1351579,3142.751314197,275,864256.0,2314.0,0.26337212,11.209879
0.059326172,0.0,-5173.8,6.1396246,1790878311.6294632,0.0010205647,422,0.0075470093,0.2,0.0003,-0.1202033,3152.753400697,275,866304.0,2314.0,0.2618785,11.211584
0.05722656,0.0,-5173.8,4.4502063,1790878319.1096804,0.0032936356,423,0.004587717,0.2,0.0003,-0.10422176,3157.754976379,275,868352.0,2314.0,0.25930107,11.21166
0.046240233,0.0,-5173.8,6.0571074,1790878326.5709019,0.0012779905,424,0.0063288533,0.2,0.0003,-0.09520646,3167.757690736,275,870400.0,2314.0,0.25818202,11.209622
0.04921875,1.7881393e-07,-5173.8,7.5160837,1790878334.0317557,0.0015673304,425,0.007094034,0.2,0.0003,-0.09332718,3172.75894728,275,872448.0,2314.0,0.25793427,11.21029
0.055371094,0.0,-5173.8,3.6603892,1790878341.5028653,0.003546388,426,0.0028166384,0.2,0.0003,-0.08961429,3182.76047868,275,874496.0,2314.0,0.2574416,11.212221
0.046533205,0.0,-5173.8,5.384433,1790878348.9722834,0.002397342,427,0.0054551335,0.2,0.0003,-0.0852557,3187.762025442,275,876544.0,2314.0,0.256845,11.210788
0.060791016,0.0,-5173.8,5.1345367,1790878356.4299562,0.0014322855,428,0.0066740965,0.2,0.0003,-0.0665796,3197.76405193,275,878592.0,2314.0,0.25351447,11.209338
0.07895508,0.0,-5173.8,6.4151487,1790878363.900681,0.0021961476,429,0.009303464,0.2,0.0003,-0.05836361,3202.765196032,275,880640.0,2314.0,0.25342524,11.21088
0.058642577,0.0,-5173.8,4.954275,1790878371.3721023,0.002151288,430,0.0047926693,0.2,0.0003,-0.05433839,3212.766573619,275,882688.0,2314.0,0.25243056,11.210271
0.07060547,0.0,-5173.8,5.4325967,1790878378.81616,0.0012037592,431,0.0071926303,0.2,0.0003,-0.05482895,3217.767412709,275,884736.0,2314.0,0.2532676,11.210736
0.059277344,0.0,-5173.8,5.066264,1790878386.240104,0.0024239216,432,0.005454895,0.2,0.0003,-0.047579497,3227.769777318,275,886784.0,2314.0,0.25119418,11.212216
0.06499024,-1.1920929e-07,-5173.8,5.986609,1790878393.644549,0.0014863141,433,0.007063385,0.2,0.0003,-0.040592242,3232.770751103,275,888832.0,2314.0,0.2513079,11.210697
0.058691405,-1.1920929e-07,-5173.8,4.8662467,1790878401.0708063,0.001482063,434,0.0058461167,0.2,0.0003,-0.03285395,3242.772627527,275,890880.0,2314.0,0.24957925,11.210022
0.030615235,0.0,-5173.8,6.1330743,1790878408.478216,0.0007240709,435,0.0024324604,0.2,0.0003,-0.037779294,3247.77430948,275,892928.0,2314.0,0.2502464,11.211552
0.07529297,0.0,-5173.8,5.493056,1790878415.8721,6.408679e-05,436,0.008387142,0.2,0.0003,-0.033714484,3257.777066639,275,894976.0,2314.0,0.24875072,11.21225
0.051416017,0.0,-5173.8,5.271161,1790878423.3861148,0.0014879765,437,0.0061904257,0.2,0.0003,-0.019973177,3262.777969087,275,897024.0,2314.0,0.24646871,11.209563
0.0875,-1.1920929e-07,-5173.8,5.662533,1790878430.9007845,-0.00094225345,438,0.0058430624,0.2,0.0003,-0.010933749,3272.780315211,275,899072.0,2314.0,0.24599293,11.20944
0.052441407,0.0,-5173.8,5.123248,1790878438.4218123,0.0027483643,439,0.0031491234,0.2,0.0003,0.0012670432,3277.781834368,275,901120.0,2314.0,0.24398763,11.209053
0.056591798,0.0,-5173.8,5.858397,1790878445.8442628,0.0014908997,440,0.0052064387,0.2,0.0003,0.003867969,3287.784769322,275,903168.0,2314.0,0.24588129,11.210218
0.08149414,0.0,-5173.8,7.647808,1790878453.2369022,-0.00025745196,441,0.006845753,0.2,0.0003,-0.012065153,3292.785511401,275,905216.0,2314.0,0.24790227,11.211578
0.07416992,0.0,-5173.8,6.4238987,1790878460.6996512,0.0008554146,442,0.0046869353,0.2,0.0003,-0.030250212,3297.78668396,275,907264.0,2314.0,0.24997643,11.209529
0.060302734,0.0,-5173.8,5.8605704,1790878468.164321,0.0014336708,443,0.004139202,0.2,0.0003,-0.036477055,3307.788694076,275,909312.0,2314.0,0.24908003,11.209686
0.04941406,0.0,-5173.8,5.1462445,1790878475.5850327,0.0015715393,444,0.0063533885,0.2,0.0003,-0.036316384,3312.790424787,275,911360.0,2314.0,0.2489231,11.210448
0.05810547,0.0,-5173.8,6.3069415,1790878483.05883,0.0018820742,445,0.0044409297,0.2,0.0003,-0.02950446,3322.79266303,275,913408.0,2314.0,0.2471672,11.2111025
0.039648436,1.7881393e-07,-5173.8,5.8771615,1790878490.5216906,0.0024725,446,0.004720359,0.2,0.0003,-0.021045987,3327.793953018,275,915456.0,2314.0,0.24633156,11.212489
0.03466797,0.0,-5173.8,6.58555,1790878497.9998863,0.0022289031,447,0.0030133377,0.2,0.0003,-0.022580303,3337.796032918,275,917504.0,2314.0,0.24748184,11.210926
0.05810547,0.0,-5173.8,5.229354,1790878505.4269087,-0.00085083215,448,0.007459021,0.2,0.0003,-0.015597276,3342.797788819,275,919552.0,2314.0,0.24526629,11.213733
0.060839843,1.7881393e-07,-5173.8,5.394256,1790878512.9026127,-0.00041863395,449,0.0020590497,0.2,0.0003,0.003898327,3352.799456854,275,921600.0,2314.0,0.24229218,11.2101345
0.061865233,0.0,-5173.8,6.2364407,1790878520.3571036,0.0022487417,450,0.004567383,0.2,0.0003,0.014542916,3357.800839234,275,923648.0,2314.0,0.24272017,11.21065
0.049316406,-1.1920929e-07,-5173.8,5.411942,1790878527.8284452,0.0013613047,451,0.00066672,0.2,0.0003,0.009885905,3367.803497614,275,925696.0,2314.0,0.24299556,11.210701
0.061669923,0.0,-5173.8,5.6492534,1790878535.3058848,0.0033180465,452,0.0041728057,0.2,0.0003,0.007916685,3372.805299817,275,927744.0,2314.0,0.24325547,11.2101145
0.06611328,0.0,-5173.8,6.075721,1790878542.7847106,0.0011254253,453,0.0076621827,0.2,0.0003,0.011076004,3382.807130557,275,929792.0,2314.0,0.24241868,11.211843
0.037646484,0.0,-5173.8,5.5796733,1790878550.2474704,0.0015457671,454,0.002394398,0.2,0.0003,0.023752822,3387.809052409,275,931840.0,2314.0,0.24011096,11.212842
0.06870117,-1.1920929e-07,-5173.8,4.808722,1790878557.649948,0.0018280863,455,0.006579097,0.2,0.0003,0.05143674,3397.811178264,275,933888.0,2314.0,0.23710401,11.209876
0.08022461,0.0,-5173.8,5.267092,1790878565.0263932,0.00086460187,456,0.0034612664,0.2,0.0003,0.057537075,3402.812802224,275,935936.0,2314.0,0.23743808,11.210708
0.06923828,0.0,-5173.8,5.0212216,1790878572.4412775,0.0010315028,457,0.004902887,0.2,0.0003,0.056363735,3412.815270322,275,937984.0,2314.0,0.23757677,11.211362
0.053466797,0.0,-5173.8,5.7285,1790878579.8612971,0.0018532859,458,0.005282442,0.2,0.0003,0.05314583,3417.816368914,275,940032.0,2314.0,0.2379748,11.208897
0.07319336,0.0,-5173.8,5.4436464,1790878587.1707726,0.0021087423,459,0.007422235,0.2,0.0003,0.059015278,3427.818773746,275,942080.0,2314.0,0.23594403,11.209907
0.0625,0.0,-5173.8,4.580049,1790878594.5728116,0.0006144628,460,0.0050978293,0.2,0.0003,0.06494965,3432.819844035,275,944128.0,2314.0,0.23641855,11.2110815
0.06894531,0.0,-5173.8,5.244773,1790878601.9661953,0.00023822802,461,0.011012508,0.2,0.0003,0.055051662,3442.822298684,275,946176.0,2314.0,0.23756343,11.21078
0.058691405,1.7881393e-07,-5173.8,4.600334,1790878609.372725,0.0017387602,462,0.0028737828,0.2,0.0003,0.05500929,3447.823536705,275,948224.0,2314.0,0.23647928,11.212812
0.053955078,0.0,-5173.8,4.96512,1790878616.8305988,0.00092386315,463,0.0047932244,0.2,0.0003,0.07593959,3457.824689528,275,950272.0,2314.0,0.23338036,11.211055
0.03720703,0.0,-5173.8,5.6018953,1790878624.3140693,0.0017522196,464,0.0021857368,0.2,0.0003,0.103505254,3462.826255189,275,952320.0,2314.0,0.23040655,11.210109
0.06967773,1.7881393e-07,-5173.8,4.8345757,1790878631.7862577,0.0020685045,465,0.0040502544,0.2,0.0003,0.11538324,3472.830586022,275,954368.0,2314.0,0.23050246,11.211759
0.053955078,0.0,-5173.8,5.8559003,1790878639.2739532,0.0014460199,466,0.0040284707,0.2,0.0003,0.11168662,3477.832172013,275,956416.0,2314.0,0.23058628,11.211965
0.067675784,0.0,-5173.8,4.951291,1790878646.7033608,-0.0007637883,467,0.005257973,0.2,0.0003,0.10043651,3487.833955392,275,958464.0,2314.0,0.23314962,11.210971
0.06279297,0.0,-5173.8,5.41644,1790878654.1846385,0.0014487202,468,0.0052063987,0.2,0.0003,0.09499556,3492.835095125,275,960512.0,2314.0,0.23233718,11.210495
0.06088867,1.7881393e-07,-5173.8,5.097412,1790878661.6458302,0.00042491104,469,0.00515648,0.2,0.0003,0.09808169,3502.836536942,275,962560.0,2314.0,0.23185092,11.210283
0.04926758,5.9604645e-08,-5173.8,5.430802,1790878669.0783699,0.0015451836,470,0.0023733606,0.2,0.0003,0.11057087,3507.838177555,275,964608.0,2314.0,0.22981258,11.210943
0.05493164,5.9604645e-08,-5173.8,7.028796,1790878676.5076375,0.0017529641,471,0.0056014424,0.2,0.0003,0.12190627,3517.841000735,275,966656.0,2314.0,0.22918037,11.208965
0.057177734,0.0,-5173.8,6.3206935,1790878683.9952252,0.0013252532,472,0.0033193415,0.2,0.0003,0.13723268,3522.842386418,275,968704.0,2314.0,0.22676696,11.212301
0.061181642,0.0,-5173.8,6.0139737,1790878691.4666972,0.0006026118,473,0.0049204314,0.2,0.0003,0.14750218,3532.844548699,275,970752.0,2314.0,0.2265319,11.210052
0.05288086,0.0,-5173.8,3.572637,1790878698.9017465,0.0015480022,474,0.003755136,0.2,0.0003,0.15854993,3537.846535778,275,972800.0,2314.0,0.22494867,11.210086
0.054541014,0.0,-5173.8,6.3448877,1790878706.3675547,0.0016948852,475,0.0065718004,0.2,0.0003,0.1717223,3547.84863074,275,974848.0,2314.0,0.22332036,11.211425
0.06762695,5.9604645e-08,-5173.8,6.2941093,1790878713.835573,0.0017965406,476,0.007513297,0.2,0.0003,0.18412548,3552.850009805,275,976896.0,2314.0,0.22186269,11.210312
0.0640625,0.0,-5173.8,6.2236423,1790878721.2915173,0.0027936527,477,0.0053532897,0.2,0.0003,0.1916352,3562.851913525,275,978944.0,2314.0,0.22129415,11.210429
0.05415039,-1.1920929e-07,-5173.8,8.361866,1790878728.7578588,0.0014197006,478,0.0064123804,0.2,0.0003,0.19152538,3567.853377036,275,980992.0,2314.0,0.22253327,11.211046
0.031103516,5.9604645e-08,-5173.8,5.9691277,1790878736.166427,0.0023866794,479,0.0050230967,0.2,0.0003,0.19547936,3577.855896153,275,983040.0,2314.0,0.22101945,11.210358
0.09350586,1.7881393e-07,-5173.8,4.529985,1790878743.5640082,-0.00090158,480,0.0084288055,0.2,0.0003,0.21214014,3582.856845614,275,985088.0,2314.0,0.21871436,11.21062
0.03676758,0.0,-5173.8,5.476827,1790878751.0025206,0.0016178311,481,0.003832151,0.2,0.0003,0.21985002,3592.85950479,275,987136.0,2314.0,0.21837603,11.211788
0.057617188,0.0,-5173.8,5.8092017,1790878758.3652177,0.0018761915,482,0.0054839933,0.2,0.0003,0.22670452,3597.860866976,275,989184.0,2314.0,0.21763921,11.211499
0.07001953,0.0,-5173.8,5.4575844,1790878765.773776,0.0017416406,483,0.0026886165,0.2,0.0003,0.21641976,3602.862520748,275,991232.0,2314.0,0.21986683,11.211071
0.042236328,-1.1920929e-07,-5173.8,5.067133,1790878773.140896,0.002165578,484,0.0032816948,0.2,0.0003,0.21015806,3612.864334448,275,993280.0,2314.0,0.21840805,11.21083
0.048535157,5.9604645e-08,-5173.8,6.5824733,1790878780.5604398,0.00061021664,485,0.005812139,0.2,0.0003,0.21436685,3617.865647747,275,995328.0,2314.0,0.21921349,11.210226
0.07075195,1.7881393e-07,-5173.8,5.20686,1790878787.9945974,0.0008119095,486,0.0053211497,0.2,0.0003,0.20587184,3627.867052084,275,997376.0,2314.0,0.220498,11.211304
0.048339844,0.0,-5173.8,6.501577,1790878795.4049897,0.002593636,487,0.0044748997,0.2,0.0003,0.19518101,3632.868270901,275,999424.0,2314.0,0.22094387,11.212324
0.07368164,0.0,-5173.8,5.756792,1790878802.851269,0.0017679711,488,0.007286075,0.2,0.0003,0.20347843,3642.870639687,275,1001472.0,2314.0,0.21931444,11.21222
0.09277344,0.0,-5173.8,4.671576,1790878810.2215126,-0.0016788138,489,0.0068892017,0.2,0.0003,0.19869778,3647.873708466,275,1003520.0,2314.0,0.22104703,11.210612
0.060546875,0.0,-5173.8,5.2567663,1790878817.6262808,0.0006564889,490,0.004714364,0.2,0.0003,0.19728966,3657.875138381,275,1005568.0,2314.0,0.220085,11.210395
0.0690918,0.0,-5173.8,5.0090227,1790878825.0521111,0.002878061,491,0.004746767,0.2,0.0003,0.1870193,3662.876602898,275,1007616.0,2314.0,0.22378942,11.211725
0.072753906,5.9604645e-08,-5173.8,4.8648076,1790878832.5324397,0.0016894079,492,0.0038695964,0.2,0.0003,0.17849766,3672.878661547,275,1009664.0,2314.0,0.22181857,11.211937
0.04741211,0.0,-5173.8,4.1635237,1790878839.9075837,0.0014967896,493,0.008381074,0.2,0.0003,0.2004144,3677.880250922,275,1011712.0,2314.0,0.21891446,11.211626
0.051757812,-1.1920929e-07,-5173.8,4.8350434,1790878847.3283563,0.0003093735,494,0.004185157,0.2,0.0003,0.21100584,3687.88291182,275,1013760.0,2314.0,0.21875282,11.212694
0.069042966,-1.1920929e-07,-5173.8,6.025109,1790878854.7087255,0.0013192199,495,0.0069520078,0.2,0.0003,0.20857564,3692.884778717,275,1015808.0,2314.0,0.21915615,11.210654
0.08901367,0.0,-5173.8,5.927602,1790878862.1267438,-0.00069053186,496,0.0074260347,0.2,0.0003,0.21030392,3702.887192162,275,1017856.0,2314.0,0.21819815,11.210325
0.07895508,0.0,-5173.8,4.730982,1790878869.577216,0.0013765867,497,0.007326814,0.2,0.0003,0.21503314,3707.88893398,275,1019904.0,2314.0,0.21827911,11.210916
0.09013672,0.0,-5173.8,4.0653343,1790878877.0769536,0.003713726,498,0.0064309724,0.2,0.0003,0.21869108,3717.891555964,275,1021952.0,2314.0,0.21737185,11.212615
0.0659668,0.0,-5173.8,6.5432014,1790878884.577402,0.002437817,499,0.005168909,0.2,0.0003,0.2274441,3722.893312261,275,1024000.0,2314.0,0.21681564,11.209654
0.051074218,0.0,-5173.8,4.441945,1790878892.08594,0.002751628,500,0.00427342,0.2,0.0003,0.22989953,3732.894929602,275,1026048.0,2314.0,0.21653393,11.209605
0.066308595,0.0,-5173.8,4.8175216,1790878899.7355156,0.0018714666,501,0.005945648,0.2,0.0003,0.23217723,3737.896510807,275,1028096.0,2314.0,0.2163538,11.210581
0.05214844,0.0,-5173.8,5.84944,1790878907.302291,0.0013012231,502,0.0046608914,0.2,0.0003,0.23366717,3747.898696951,275,1030144.0,2314.0,0.21614683,11.214065
0.06728516,0.0,-5173.8,5.588093,1790878914.9413936,0.0010756812,503,0.0059735393,0.2,0.0003,0.23476681,3752.899503204,275,1032192.0,2314.0,0.21652842,11.211286
0.05996094,0.0,-5173.8,4.923367,1790878922.5648863,0.002150942,504,0.0028275969,0.2,0.0003,0.23839852,3762.900765303,275,1034240.0,2314.0,0.21516764,11.210687
0.073632814,5.9604645e-08,-5173.8,5.7604227,1790878930.1557307,0.0021706084,505,0.004755663,0.2,0.0003,0.2488946,3767.902807917,275,1036288.0,2314.0,0.21510369,11.211075
0.07709961,1.7881393e-07,-5173.8,6.011242,1790878937.7879417,0.00195624,506,0.0060328306,0.2,0.0003,0.2503273,3777.90543496,275,1038336.0,2314.0,0.21500657,11.212133
0.056591798,-1.1920929e-07,-5173.8,5.2371545,1790878945.4367423,0.0009306918,507,0.0058067413,0.2,0.0003,0.2516367,3782.906158649,275,1040384.0,2314.0,0.21482961,11.210601
0.08300781,-1.1920929e-07,-5173.8,6.524543,1790878952.8727372,0.0017543074,508,0.0063896654,0.2,0.0003,0.2511375,3792.908160951,275,1042432.0,2314.0,0.21451116,11.211189
0.062353514,0.0,-5173.8,3.7384725,1790878960.308252,0.001466658,509,0.0070527582,0.2,0.0003,0.24243636,3797.90905641,275,1044480.0,2314.0,0.21618918,11.210263
0.04848633,0.0,-5173.8,3.9199114,1790878967.7481594,0.0008634504,510,0.0052053537,0.2,0.0003,0.23432562,3807.910564853,275,1046528.0,2314.0,0.21610075,11.209852
0.037988283,0.0,-5173.8,5.703492,1790878975.1568277,0.002391158,511,0.0024531332,0.2,0.0003,0.22961372,3812.911745207,275,1048576.0,2314.0,0.21680903,11.210555
0.08105469,5.9604645e-08,-5173.8,6.7134614,1790878982.574167,0.0009112266,512,0.0071345787,0.2,0.0003,0.22357404,3822.913284032,275,1050624.0,2314.0,0.21830799,11.209715
0.08085938,0.0,-5173.8,5.8368106,1790878990.0033927,-0.0009285474,513,0.010136781,0.2,0.0003,0.21475267,3827.915195863,275,1052672.0,2314.0,0.21842653,11.211181
0.062597655,0.0,-5173.8,6.0006595,1790878997.4002826,0.0013935869,514,0.006579358,0.2,0.0003,0.22606666,3837.917439487,275,1054720.0,2314.0,0.21670517,11.209626
0.039160155,0.0,-5173.8,6.726704,1790879004.8659968,0.0009292123,515,0.0034271753,0.2,0.0003,0.21762092,3842.918602549,275,1056768.0,2314.0,0.21906108,11.21214
0.050976563,0.0,-5173.8,5.1236844,1790879012.2858386,0.0014405734,516,0.0040119877,0.2,0.0003,0.20120725,3852.921380099,275,1058816.0,2314.0,0.22096863,11.209786
0.05332031,-1.1920929e-07,-5173.8,4.880236,1790879019.6350656,0.0024287638,517,0.0066168047,0.2,0.0003,0.19257592,3857.922933624,275,1060864.0,2314.0,0.22077143,11.212535
0.044042967,-1.1920929e-07,-5173.8,5.134159,1790879027.0933669,0.0019556028,518,0.0053859972,0.2,0.0003,0.18750255,3867.924886187,275,1062912.0,2314.0,0.22216338,11.21292
0.082128905,0.0,-5173.8,4.347818,1790879034.5397909,0.00090769044,519,0.009847639,0.2,0.0003,0.19170938,3872.926519712,275,1064960.0,2314.0,0.22074294,11.21127
0.055371094,0.0,-5173.8,4.4080825,1790879042.24984,0.0036658358,520,0.0028126778,0.2,0.0003,0.18873058,3882.928522837,275,1067008.0,2314.0,0.22193427,11.211655
0.06948242,0.0,-5173.8,5.979262,1790879049.857233,0.0004507722,521,0.008488547,0.2,0.0003,0.18257312,3887.930071693,275,1069056.0,2314.0,0.22216094,11.209078
0.046972655,0.0,-5173.8,7.2377615,1790879057.478055,0.0021520846,522,0.0039357785,0.2,0.0003,0.18223876,3897.932072627,275,1071104.0,2314.0,0.22187896,11.21068
0.052197266,-1.1920929e-07,-5173.8,4.8103175,1790879065.1565585,0.0022272647,523,0.002783568,0.2,0.0003,0.18795182,3902.933624815,275,1073152.0,2314.0,0.22114888,11.211456
0.07167969,0.0,-5173.8,5.709548,1790879072.7205532,0.00032124374,524,0.008238565,0.2,0.0003,0.2039946,3912.935729965,275,1075200.0,2314.0,0.21800399,11.210918
0.08774414,5.9604645e-08,-5173.8,4.552528,1790879080.2699072,0.0013957584,525,0.0091958875,0.2,0.0003,0.22261618,3917.937217095,275,1077248.0,2314.0,0.2167529,11.21017
0.072314456,5.9604645e-08,-5173.8,6.6662836,1790879087.8290768,0.0022301483,526,0.009267119,0.2,0.0003,0.22632673,3927.939117,275,1079296.0,2314.0,0.21704379,11.210229
0.039013673,0.0,-5173.8,6.1828547,1790879095.3875484,0.0017882733,527,0.0039931405,0.2,0.0003,0.22524218,3932.940521074,275,1081344.0,2314.0,0.2169111,11.210326
0.075732425,0.0,-5173.8,4.6965437,1790879102.986298,0.001748015,528,0.006392657,0.2,0.0003,0.21157062,3942.942204472,275,1083392.0,2314.0,0.21998502,11.210121
0.055761717,0.0,-5173.8,5.9484305,1790879110.550966,-0.00023459438,529,0.005560424,0.2,0.0003,0.20708627,3947.944062433,275,1085440.0,2314.0,0.21814734,11.210966
0.08964844,0.0,-5173.8,5.36419,1790879117.616499,0.0010073928,530,0.005669006,0.2,0.0003,0.21902716,3957.945805236,275,1087488.0,2314.0,0.21733496,11.212067
0.075683594,0.0,-5173.8,3.6091354,1790879124.2570622,0.0008662261,531,0.005412817,0.2,0.0003,0.21925524,3962.946905998,275,1089536.0,2314.0,0.21815252,11.211446
0.09794922,1.7881393e-07,-5173.8,5.3198457,1790879130.936804,-0.0007528005,532,0.006304554,0.2,0.0003,0.22567885,3967.94824483,275,1091584.0,2314.0,0.216128,11.211279
0.077978514,0.0,-5173.8,3.2693498,1790879137.5406744,0.00037751617,533,0.0068043857,0.2,0.0003,0.2372979,3977.949044701,275,1093632.0,2314.0,0.2156251,11.209951
0.083984375,0.0,-5173.8,5.76658,1790879144.1688678,-4.4599815e-06,534,0.009204672,0.2,0.0003,0.2469679,3982.950892861,275,1095680.0,2314.0,0.21371976,11.2092085
0.08671875,0.0,-5173.8,4.999488,1790879150.8540184,0.00038687786,535,0.007757203,0.2,0.0003,0.26922172,3987.952487358,275,1097728.0,2314.0,0.21113706,11.210858
0.062402345,0.0,-5173.8,7.3688226,1790879157.5246072,0.0025801316,536,0.00678639,0.2,0.0003,0.28192362,3997.955198848,275,1099776.0,2314.0,0.21184155,11.211891
0.074804686,0.0,-5173.8,4.4962983,1790879164.1727612,0.0005017176,537,0.0040236423,0.2,0.0003,0.27759787,4002.956772828,276,1101824.0,2314.0,0.2113611,11.209538
0.06123047,0.0,-5173.8,5.0490294,1790879170.86189,0.0008335766,538,0.0069890385,0.2,0.0003,0.26257318,4007.959864913,276,1103872.0,2314.0,0.21434355,11.212452
0.078125,0.0,-5173.8,6.211336,1790879177.4998827,0.0012095862,539,0.005717892,0.2,0.0003,0.2588395,4017.961652785,276,1105920.0,2314.0,0.21282603,11.20971
0.072216794,0.0,-5173.8,4.960629,1790879184.69584,0.00095444266,540,0.009535849,0.2,0.0003,0.27167347,4022.962515453,276,1107968.0,2314.0,0.21197388,11.209942
0.061914064,0.0,-5173.8,6.375312,1790879192.154561,-0.00072215835,541,0.0067312648,0.2,0.0003,0.27551606,4032.964737077,276,1110016.0,2314.0,0.21180162,11.210962
0.08339844,-1.1920929e-07,-5173.8,4.720002,1790879199.7396882,0.001141143,542,0.007950135,0.2,0.0003,0.28031397,4037.965849134,276,1112064.0,2314.0,0.21170837,11.210403
0.050195314,0.0,-5173.8,7.3848295,1790879207.2712884,0.0021608542,543,0.0059941555,0.2,0.0003,0.28461868,4047.966910808,276,1114112.0,2314.0,0.21026587,11.211471
0.042138673,0.0,-5173.8,5.7305064,1790879214.845262,0.0023347687,544,0.003386094,0.2,0.0003,0.2883784,4052.967597121,276,1116160.0,2314.0,0.21082553,11.209042
0.050634764,0.0,-5173.8,5.1224194,1790879222.4129171,0.001637286,545,0.0015061386,0.2,0.0003,0.30033922,4062.970369607,276,1118208.0,2314.0,0.2083702,11.213174
0.07148437,0.0,-5173.8,6.1624594,1790879229.9683,0.00019864926,546,0.0041829953,0.2,0.0003,0.30707458,4067.971977487,276,1120256.0,2314.0,0.20914547,11.210876
0.07890625,5.9604645e-08,-5173.8,5.3780212,1790879237.6674929,0.0012377329,547,0.00966917,0.2,0.0003,0.3065269,4077.974030557,276,1122304.0,2314.0,0.20813668,11.210155
0.07734375,0.0,-5173.8,5.7135873,1790879245.4014041,0.002285556,548,0.009255962,0.2,0.0003,0.28848383,4082.97573641,276,1124352.0,2314.0,0.21227095,11.211475
0.05756836,0.0,-5173.8,4.366217,1790879253.1575305,0.0010111165,549,0.004043964,0.2,0.0003,0.2632662,4092.978197025,276,1126400.0,2314.0,0.21429683,11.210109
0.07705078,0.0,-5173.8,4.0200305,1790879260.9131498,0.003200167,550,0.0059158183,0.2,0.0003,0.25401202,4102.979693111,276,1128448.0,2314.0,0.21408823,11.213275
0.07768555,0.0,-5173.8,5.4814954,1790879268.641719,-0.0006688775,551,0.00459711,0.2,0.0003,0.27245456,4107.981069139,275,1130496.0,2314.0,0.21105625,11.212599
0.0915039,5.9604645e-08,-5173.8,5.557412,1790879276.3765485,-7.039343e-05,552,0.0059200358,0.2,0.0003,0.2882273,4117.983472849,275,1132544.0,2314.0,0.21066704,11.211057
0.059326172,5.9604645e-08,-5173.8,5.9258833,1790879283.9312289,0.0024704135,553,0.007084935,0.2,0.0003,0.29954875,4122.985011636,275,1134592.0,2314.0,0.20864306,11.210754
0.058691405,0.0,-5173.8,5.745949,1790879291.4886446,0.0011360055,554,0.004255895,0.2,0.0003,0.31831312,4132.988419113,275,1136640.0,2314.0,0.2068535,11.212172
0.09633789,0.0,-5173.8,5.1478233,1790879299.045355,0.0026672997,555,0.00925816,0.2,0.0003,0.32750586,4137.989604864,275,1138688.0,2314.0,0.2069377,11.211209
0.06430664,0.0,-5173.8,5.0751276,1790879306.590994,0.0036276984,556,0.0046909596,0.2,0.0003,0.33191,4147.99241296,275,1140736.0,2314.0,0.20548709,11.212041
0.08500977,-1.1920929e-07,-5173.8,5.8230286,1790879314.1419234,0.00026761068,557,0.004063904,0.2,0.0003,0.3361116,4152.993621675,275,1142784.0,2314.0,0.20555627,11.211025
0.0640625,5.9604645e-08,-5173.8,4.6464043,1790879321.7000613,0.0019299746,558,0.0044077793,0.2,0.0003,0.34336427,4162.995987425,275,1144832.0,2314.0,0.2045939,11.212573
0.07011719,0.0,-5173.8,6.6952205,1790879329.2607775,0.0028645662,559,0.007320544,0.2,0.0003,0.33541852,4167.997036939,275,1146880.0,2314.0,0.20670637,11.210039
0.057861328,0.0,-5173.8,5.136047,1790879336.8279655,0.002175081,560,0.00757436,0.2,0.0003,0.33944616,4177.997902545,275,1148928.0,2314.0,0.20489839,11.211942
0.06738281,0.0,-5173.8,4.575406,1790879344.3819335,0.0015234371,561,0.005510361,0.2,0.0003,0.36268115,4182.99891156,275,1150976.0,2314.0,0.20230597,11.210228
0.0746582,5.9604645e-08,-5173.8,6.4587216,1790879351.9646153,0.002126371,562,0.008819669,0.2,0.0003,0.38224393,4193.001663695,275,1153024.0,2314.0,0.20143259,11.211278
0.074365236,0.0,-5173.8,5.788137,1790879359.4872565,0.00278748,563,0.007112015,0.2,0.0003,0.37605095,4198.003314301,275,1155072.0,2314.0,0.20250754,11.210938
0.06435547,0.0,-5173.8,7.282373,1790879367.0321097,0.00037539753,564,0.008280162,0.2,0.0003,0.37982193,4208.005929075,275,1157120.0,2314.0,0.20057228,11.211495
0.082128905,0.0,-5173.8,5.188273,1790879374.5843706,0.0009422721,565,0.0042979377,0.2,0.0003,0.3859257,4213.007353139,275,1159168.0,2314.0,0.20089601,11.211655
0.063964844,0.0,-5173.8,5.8028674,1790879382.114969,0.0018461713,566,0.0063348645,0.2,0.0003,0.3903782,4223.009619319,275,1161216.0,2314.0,0.20015338,11.21015
0.07524414,0.0,-5173.8,4.8750334,1790879389.6706047,0.0037127852,567,0.005943372,0.2,0.0003,0.38639718,4228.011275586,275,1163264.0,2314.0,0.2005623,11.210514
0.103271484,-1.1920929e-07,-5173.8,5.277101,1790879397.2215137,0.00226938,568,0.007379009,0.2,0.0003,0.38967556,4238.013619426,275,1165312.0,2314.0,0.19955866,11.210425
0.06147461,-1.1920929e-07,-5173.8,5.8199015,1790879404.7518396,0.0020378504,569,0.005304067,0.2,0.0003,0.39436433,4243.014640787,275,1167360.0,2314.0,0.20008945,11.21149
0.07060547,0.0,-5173.8,6.8604307,1790879412.298703,0.0014401027,570,0.0063401125,0.2,0.0003,0.39721164,4253.015689959,275,1169408.0,2314.0,0.1989204,11.21142
0.069970705,0.0,-5173.8,5.9470997,1790879420.062077,0.0004515737,571,0.0074292794,0.2,0.0003,0.39181975,4258.016972133,275,1171456.0,2314.0,0.20019212,11.210144
0.06171875,0.0,-5173.8,5.019792,1790879427.8297598,0.0019187194,572,0.004728312,0.2,0.0003,0.40024707,4268.019781243,275,1173504.0,2314.0,0.1979032,11.211045
0.052978516,0.0,-5173.8,3.6964982,1790879435.610838,0.0017046625,573,0.0032647671,0.2,0.0003,0.4057424,4273.021041243,275,1175552.0,2314.0,0.1994677,11.2117195
0.07006836,0.0,-5173.8,5.8472733,1790879443.3686852,0.0015762472,574,0.0028174436,0.2,0.0003,0.3967761,4283.023350852,275,1177600.0,2314.0,0.19962627,11.212196
0.07260742,0.0,-5173.8,5.6099424,1790879451.1189609,9.273403e-05,575,0.0043116584,0.2,0.0003,0.3903909,4293.026297333,275,1179648.0,2314.0,0.20025615,11.210422
0.099609375,0.0,-5173.8,4.0726004,1790879458.9092605,0.0021059355,576,0.008634947,0.2,0.0003,0.3946587,4298.027675488,275,1181696.0,2314.0,0.19846891,11.210192
0.10136719,5.9604645e-08,-5173.8,4.7271,1790879466.5004463,-0.0013458332,577,0.00710873,0.2,0.0003,0.4021161,4308.028667587,275,1183744.0,2314.0,0.19942188,11.211891
0.06318359,0.0,-5173.8,5.1189528,1790879474.0276487,0.0008976778,578,0.005312292,0.2,0.0003,0.39827144,4313.030430363,275,1185792.0,2314.0,0.19916499,11.210569
0.06850586,0.0,-5173.8,5.31537,1790879481.5641937,0.0019205335,579,0.005500852,0.2,0.0003,0.3971761,4323.032835144,275,1187840.0,2314.0,0.19909734,11.210555
0.080029294,5.9604645e-08,-5173.8,4.623275,1790879489.0829468,0.0008506234,580,0.0075923423,0.2,0.0003,0.3864737,4328.034091332,275,1189888.0,2314.0,0.20076421,11.211838
0.0715332,0.0,-5173.8,4.319862,1790879496.6031406,0.0006391692,581,0.007104635,0.2,0.0003,0.38282108,4338.036148142,275,1191936.0,2314.0,0.20023394,11.211724
0.08208008,0.0,-5173.8,5.8438807,1790879504.1390483,0.0012668765,582,0.0060650255,0.2,0.0003,0.39311945,4343.036784155,275,1193984.0,2314.0,0.19911537,11.209796
0.05996094,0.0,-5173.8,6.461455,1790879511.613765,0.0015691516,583,0.0058104564,0.2,0.0003,0.40232578,4353.039349415,275,1196032.0,2314.0,0.19822775,11.210082
0.056152344,0.0,-5173.8,6.3848014,1790879519.1385949,0.0013118149,584,0.0057827067,0.2,0.0003,0.4015492,4358.040038499,275,1198080.0,2314.0,0.19890112,11.210969
0.072070315,0.0,-5173.8,4.535241,1790879526.6601536,0.0012276758,585,0.004407811,0.2,0.0003,0.3939254,4368.041041975,275,1200128.0,2314.0,0.1998249,11.210988
0.07631836,0.0,-5173.8,5.838768,1790879534.0790455,0.0025384878,586,0.0062128226,0.2,0.0003,0.39532295,4373.043494863,275,1202176.0,2314.0,0.19817737,11.210768
0.084179685,0.0,-5173.8,6.105596,1790879541.6162858,0.0016041631,587,0.004342322,0.2,0.0003,0.41727382,4383.045338096,275,1204224.0,2314.0,0.19665793,11.212029
0.055566408,0.0,-5173.8,5.9258785,1790879549.1374252,0.0018930869,588,0.0052693365,0.2,0.0003,0.42407954,4388.046771771,275,1206272.0,2314.0,0.19672638,11.209943
0.06538086,1.7881393e-07,-5173.8,5.4583974,1790879556.653679,0.0022105714,589,0.0048253494,0.2,0.0003,0.43239993,4398.047883051,275,1208320.0,2314.0,0.19436696,11.210555
0.08271484,0.0,-5173.8,4.1948237,1790879564.1691637,0.0026952527,590,0.0077077663,0.2,0.0003,0.44190702,4403.049008691,275,1210368.0,2314.0,0.19506307,11.211703
0.08310547,0.0,-5173.8,6.689175,1790879571.6922133,0.0028462296,591,0.005881683,0.2,0.0003,0.44136375,4413.050378137,275,1212416.0,2314.0,0.19464025,11.212534
0.076416016,0.0,-5173.8,4.4183006,1790879579.2055562,0.0014334047,592,0.009194394,0.2,0.0003,0.44365808,4418.05116018,275,1214464.0,2314.0,0.19435342,11.211404
0.07348633,5.9604645e-08,-5173.8,3.6426246,1790879586.717684,0.0036268015,593,0.004340797,0.2,0.0003,0.45271423,4428.053811803,275,1216512.0,2314.0,0.1930204,11.210364
0.07304688,0.0,-5173.8,5.97502,1790879594.2192678,0.001323687,594,0.0051307115,0.2,0.0003,0.47033906,4433.056814131,275,1218560.0,2314.0,0.19166091,11.211658
0.06040039,0.0,-5173.8,5.0136395,1790879601.7359002,0.0024517581,595,0.006826233,0.2,0.0003,0.48689818,4443.059272874,275,1220608.0,2314.0,0.18933894,11.211613
0.07119141,0.0,-5173.8,4.91098,1790879609.2435262,0.0029234316,596,0.0050331033,0.2,0.0003,0.5061504,4448.060820455,275,1222656.0,2314.0,0.1880213,11.209219
0.07050781,0.0,-5173.8,7.207709,1790879616.7683852,0.0028218732,597,0.00551184,0.2,0.0003,0.51762974,4458.061810453,275,1224704.0,2314.0,0.1871199,11.210232
0.06733398,0.0,-5173.8,6.6950197,1790879624.2739532,0.002832089,598,0.0035119732,0.2,0.0003,0.52227086,4463.063129041,275,1226752.0,2314.0,0.18729922,11.211101
0.081445314,0.0,-5173.8,5.381738,1790879631.797563,-0.0006044555,599,0.0054270457,0.2,0.0003,0.5180759,4473.065425251,275,1228800.0,2314.0,0.18782121,11.21214
0.08183594,0.0,-5173.8,7.0302224,1790879639.3034124,0.00066162006,600,0.0072965994,0.2,0.0003,0.5265853,4478.067075233,275,1230848.0,2314.0,0.18560803,11.211293
0.064697266,0.0,-5173.8,4.814792,1790879646.8147154,0.0022123551,601,0.004129771,0.2,0.0003,0.5406357,4488.069052339,275,1232896.0,2314.0,0.18538454,11.209256
0.05493164,0.0,-5173.8,6.469485,1790879654.3488567,0.0017686407,602,0.0027394728,0.2,0.0003,0.5537685,4493.07122906,275,1234944.0,2314.0,0.18348248,11.21208
0.07075195,5.9604645e-08,-5173.8,7.956106,1790879661.8346486,0.0031370234,603,0.006939303,0.2,0.0003,0.5464879,4503.076845147,275,1236992.0,2314.0,0.18599914,11.211092
0.05444336,0.0,-5173.8,7.093539,1790879669.1575227,0.0013854217,604,0.0044494052,0.2,0.0003,0.536762,4508.077758432,275,1239040.0,2314.0,0.18567705,11.209649
0.07124023,-1.1920929e-07,-5173.8,5.751113,1790879676.589281,0.0009525221,605,0.007961179,0.2,0.0003,0.5320898,4518.079989528,275,1241088.0,2314.0,0.18664503,11.210052
0.06064453,-1.1920929e-07,-5173.8,5.6832995,1790879684.010061,0.00025970975,606,0.0060054883,0.2,0.0003,0.5475386,4523.081331024,275,1243136.0,2314.0,0.18400015,11.211628
0.079638675,0.0,-5173.8,5.2875433,1790879691.407465,0.0028619396,607,0.009630276,0.2,0.0003,0.5641164,4533.083727585,275,1245184.0,2314.0,0.18263611,11.210254
0.085839845,0.0,-5173.8,7.1497846,1790879698.8441997,0.00078579574,608,0.008079682,0.2,0.0003,0.57128906,4538.085285228,275,1247232.0,2314.0,0.18275507,11.209799
0.08867188,0.0,-5173.8,6.4686246,1790879706.205778,0.0027243772,609,0.007677219,0.2,0.0003,0.5691372,4548.08787118,275,1249280.0,2314.0,0.18354198,11.210269
0.062451173,1.7881393e-07,-5173.8,6.1651883,1790879713.7251086,0.0020608667,610,0.0040346123,0.2,0.0003,0.54565674,4553.088968443,275,1251328.0,2314.0,0.18621248,11.211481
0.055908203,0.0,-5173.8,6.0838833,1790879721.1725485,0.0027521702,611,0.005371751,0.2,0.0003,0.5300412,4563.090552578,275,1253376.0,2314.0,0.18665686,11.211296
0.062304687,1.7881393e-07,-5173.8,4.740716,1790879728.567807,0.0030036832,612,0.0041421987,0.2,0.0003,0.5313,4568.092004276,275,1255424.0,2314.0,0.18634751,11.21087
0.07114258,-1.1920929e-07,-5173.8,4.4624305,1790879736.0091538,0.0017115127,613,0.001525785,0.2,0.0003,0.52667725,4573.09261199,275,1257472.0,2314.0,0.18732834,11.209351
0.092041016,0.0,-5173.8,4.5492616,1790879743.517736,0.0026863962,614,0.013451636,0.2,0.0003,0.5208844,4583.094714691,275,1259520.0,2314.0,0.18747216,11.210109
0.06225586,0.0,-5173.8,6.124245,1790879750.9486084,0.0025241387,615,0.0074823685,0.2,0.0003,0.52747136,4588.095391942,275,1261568.0,2314.0,0.18606216,11.210646
0.06777344,0.0,-5173.8,6.2948027,1790879758.3667521,0.00034633157,616,0.005756423,0.2,0.0003,0.5417308,4598.097364867,275,1263616.0,2314.0,0.18490988,11.211223
0.08520508,0.0,-5173.8,5.6831465,1790879765.7936497,0.0029827359,617,0.0026994743,0.2,0.0003,0.54464966,4603.098617231,275,1265664.0,2314.0,0.1853368,11.210007
0.07709961,0.0,-5173.8,4.7880363,1790879773.2063715,0.0035947936,618,0.005760746,0.2,0.0003,0.5520832,4613.10065387,275,1267712.0,2314.0,0.1833603,11.212793
0.0574707,0.0,-5173.8,4.8290186,1790879780.6325204,0.0030014326,619,0.004580507,0.2,0.0003,0.56401443,4618.10225154,275,1269760.0,2314.0,0.18355253,11.212219
0.06943359,-1.1920929e-07,-5173.8,4.979295,1790879788.044325,0.002461991,620,0.0054205614,0.2,0.0003,0.57861966,4628.107514724,275,1271808.0,2314.0,0.18072008,11.212948
0.07915039,1.7881393e-07,-5173.8,6.351674,1790879795.4440944,0.0013404121,621,0.007900065,0.2,0.0003,0.60976064,4633.10881344,275,1273856.0,2314.0,0.17828518,11.21114
0.100048825,5.9604645e-08,-5173.8,4.936546,1790879802.774285,0.0020744163,622,0.00630001,0.2,0.0003,0.63499534,4643.110657955,275,1275904.0,2314.0,0.17632943,11.210489
0.07304688,-1.1920929e-07,-5173.8,5.038468,1790879810.2030246,0.0014852923,623,0.0067322413,0.2,0.0003,0.6289082,4648.111455027,275,1277952.0,2314.0,0.17860407,11.211687
0.07558594,0.0,-5173.8,5.5767303,1790879817.629443,0.0026856423,624,0.0031537842,0.2,0.0003,0.61851585,4658.113393116,275,1280000.0,2314.0,0.17866582,11.209173
0.08129883,0.0,-5173.8,6.752216,1790879825.0596316,0.0007011947,625,0.0053539043,0.2,0.0003,0.60978657,4663.114898015,275,1282048.0,2314.0,0.18037581,11.212261
0.06992187,0.0,-5173.8,5.898046,1790879832.4321141,0.0029610642,626,0.004298713,0.2,0.0003,0.6051924,4673.116302128,275,1284096.0,2314.0,0.1790865,11.210598
0.079394534,0.0,-5173.8,5.9536595,1790879839.8471005,0.002781349,627,0.0042522107,0.2,0.0003,0.6143634,4678.11770501,275,1286144.0,2314.0,0.1793847,11.209343
0.082128905,1.7881393e-07,-5173.8,5.085029,1790879847.269783,0.0018257399,628,0.005370789,0.2,0.0003,0.6073045,4688.119995358,275,1288192.0,2314.0,0.17958355,11.209987
0.06313477,0.0,-5173.8,5.241222,1790879854.6511092,0.002511333,629,0.0077924994,0.2,0.0003,0.61023724,4693.121063253,275,1290240.0,2314.0,0.17875013,11.210546
0.09682617,0.0,-5173.8,6.6035137,1790879862.0058205,0.0010318203,630,0.008858589,0.2,0.0003,0.61621433,4703.123902721,275,1292288.0,2314.0,0.1784904,11.210473
0.088378906,0.0,-5173.8,5.7178655,1790879869.3914921,0.00029302802,631,0.0073831724,0.2,0.0003,0.6255105,4708.125413499,275,1294336.0,2314.0,0.17714253,11.210066
0.07050781,0.0,-5173.8,5.715241,1790879876.7607005,0.0021841347,632,0.005839674,0.2,0.0003,0.646698,4718.127971716,275,1296384.0,2314.0,0.17506367,11.210094
0.07485352,5.9604645e-08,-5173.8,5.513924,1790879884.276087,0.0023709303,633,0.0034671111,0.2,0.0003,0.66598237,4723.129639732,275,1298432.0,2314.0,0.17409936,11.211223
0.093164064,-1.1920929e-07,-5173.8,6.2541656,1790879891.8143244,0.0021701483,634,0.008249827,0.2,0.0003,0.6675467,4733.130937457,275,1300480.0,2314.0,0.17456354,11.212598
0.057714842,0.0,-5173.8,5.167725,1790879899.327863,0.0028404254,635,0.0061198627,0.2,0.0003,0.66735154,4738.132085536,275,1302528.0,2314.0,0.1741468,11.211581
0.10444336,0.0,-5173.8,6.433232,1790879906.676248,0.002556934,636,0.0074476358,0.2,0.0003,0.6734257,4748.134457385,275,1304576.0,2314.0,0.1737178,11.212908
0.08920898,0.0,-5173.8,4.1554313,1790879914.197165,0.0035720228,637,0.005496408,0.2,0.0003,0.69591206,4753.135910197,275,1306624.0,2314.0,0.17079559,11.21079
0.103564456,0.0,-5173.8,7.7348866,1790879921.6316967,0.0008139686,638,0.009202906,0.2,0.0003,0.72455484,4763.138573794,275,1308672.0,2314.0,0.16888589,11.209889
0.076416016,0.0,-5173.8,4.3350163,1790879929.0232482,0.0027281512,639,0.00538334,0.2,0.0003,0.73089147,4768.139848037,275,1310720.0,2314.0,0.16920026,11.209022
0.07553711,0.0,-5173.8,7.2561507,1790879936.4390087,0.0023879062,640,0.0056710606,0.2,0.0003,0.72386837,4778.141743145,275,1312768.0,2314.0,0.16954297,11.210023
0.06523438,0.0,-5173.8,4.9352765,1790879943.9866462,0.0023032085,641,0.0067873206,0.2,0.0003,0.71933657,4783.143348816,275,1314816.0,2314.0,0.16992748,11.2108135
0.07783203,0.0,-5173.8,4.336051,1790879951.5468845,0.0019870393,642,0.006135354,0.2,0.0003,0.7227116,4793.145967525,275,1316864.0,2314.0,0.16891776,11.209857
0.057763673,-1.1920929e-07,-5173.8,5.278316,1790879959.1225512,0.0034246163,643,0.0059566293,0.2,0.0003,0.7303449,4798.1469879,275,1318912.0,2314.0,0.16850922,11.210298
0.073876955,0.0,-5173.8,5.238526,1790879966.6839526,0.0033989262,644,0.007971543,0.2,0.0003,0.72912866,4808.148408978,275,1320960.0,2314.0,0.16921532,11.210707
0.077539064,0.0,-5173.8,5.967194,1790879974.2407906,0.0031313987,645,0.0051335352,0.2,0.0003,0.72680706,4813.149435861,275,1323008.0,2314.0,0.1690417,11.209454
0.08520508,5.9604645e-08,-5173.8,5.729803,1790879981.7957034,0.0024062358,646,0.004880214,0.2,0.0003,0.7217106,4823.151067992,275,1325056.0,2314.0,0.16960144,11.210812
0.10424805,0.0,-5173.8,4.6194463,1790879989.3535037,0.0031495823,647,0.01054401,0.2,0.0003,0.71973854,4828.151985435,275,1327104.0,2314.0,0.16974531,11.211727
0.04790039,0.0,-5173.8,4.6213946,1790879997.0917664,0.0034059666,648,0.004291839,0.2,0.0003,0.712412,4838.153931136,275,1329152.0,2314.0,0.17073517,11.2116585
0.049707033,0.0,-5173.8,6.376366,1790880004.7398098,0.0019336712,649,0.006222311,0.2,0.0003,0.7155158,4843.155203702,275,1331200.0,2314.0,0.1694819,11.210195
0.09399414,0.0,-5173.8,5.66258,1790880012.465576,0.0020676742,650,0.006014378,0.2,0.0003,0.7154392,4853.156674149,275,1333248.0,2314.0,0.17032775,11.210651
0.07304688,0.0,-5173.8,5.7442265,1790880020.2056885,0.0024471174,651,0.0055784136,0.2,0.0003,0.7132834,4858.158272014,275,1335296.0,2314.0,0.17017949,11.212249
0.099609375,0.0,-5173.8,5.7272196,1790880027.9470997,0.003654108,652,0.0075976457,0.2,0.0003,0.71802515,4868.160544593,275,1337344.0,2314.0,0.16919164,11.210552
0.09355469,0.0,-5173.8,6.884759,1790880035.6571264,0.0007726932,653,0.0061669657,0.2,0.0003,0.7125501,4873.161512792,275,1339392.0,2314.0,0.17128439,11.212316
0.08271484,1.7881393e-07,-5173.8,4.8091025,1790880043.2083428,0.0022580458,654,0.0090947375,0.2,0.0003,0.69811726,4883.163430626,275,1341440.0,2314.0,0.17166185,11.211089
0.09423828,-1.1920929e-07,-5173.8,5.3281918,1790880050.7272656,0.002948566,655,0.004703022,0.2,0.0003,0.6943338,4888.165037514,275,1343488.0,2314.0,0.17187846,11.210366
0.10458984,0.0,-5173.8,4.6218133,1790880058.273046,-9.465855e-05,656,0.007374132,0.2,0.0003,0.69220066,4898.166991328,275,1345536.0,2314.0,0.17172681,11.209326
0.080126956,0.0,-5173.8,5.7210503,1790880065.8250663,0.0026526153,657,0.005270441,0.2,0.0003,0.6923038,4903.167970623,275,1347584.0,2314.0,0.17214495,11.211714
0.065625,-1.1920929e-07,-5173.8,4.9367666,1790880073.3720279,0.0018196778,658,0.0070431456,0.2,0.0003,0.68908775,4913.169795998,275,1349632.0,2314.0,0.1724924,11.211205
0.095507815,-1.1920929e-07,-5173.8,6.2295876,1790880080.909093,0.0013375971,659,0.011245923,0.2,0.0003,0.68908167,4918.170992032,275,1351680.0,2314.0,0.17227536,11.211121
0.09663086,0.0,-5173.8,5.3289824,1790880088.425207,0.0018474824,660,0.007729323,0.2,0.0003,0.69169974,4928.173713675,275,1353728.0,2314.0,0.17185405,11.209387
0.060791016,0.0,-5173.8,3.6855202,1790880095.956281,0.0025877573,661,0.0053639584,0.2,0.0003,0.6895977,4933.179053135,275,1355776.0,2314.0,0.17299446,11.209618
0.084228516,0.0,-5173.8,6.1209455,1790880103.5018592,0.003807871,662,0.003993393,0.2,0.0003,0.6782363,4943.181460834,275,1357824.0,2314.0,0.17322338,11.21324
0.07197265,0.0,-5173.8,6.1299076,1790880110.8813457,0.002506928,663,0.0085237315,0.2,0.0003,0.66893363,4948.183255573,275,1359872.0,2314.0,0.17437747,11.210374
0.07241211,0.0,-5173.8,5.6559176,1790880118.3170354,0.0028364696,664,0.003899174,0.2,0.0003,0.676804,4958.185417684,275,1361920.0,2314.0,0.17230497,11.2133665
0.0915039,0.0,-5173.8,5.7792735,1790880125.831597,0.0022788234,665,0.0072900495,0.2,0.0003,0.68953025,4963.187123416,275,1363968.0,2314.0,0.1720307,11.211401
0.11054687,0.0,-5173.8,5.6369085,1790880133.349895,-0.0002768425,666,0.004805861,0.2,0.0003,0.68793917,4973.188506922,275,1366016.0,2314.0,0.17244357,11.210667
0.07011719,0.0,-5173.8,4.4155636,1790880140.8644772,0.0025453572,667,0.0051407856,0.2,0.0003,0.69045454,4978.189412563,275,1368064.0,2314.0,0.17200041,11.211321
0.052490234,0.0,-5173.8,4.657937,1790880148.272487,0.0012805539,668,0.003948032,0.2,0.0003,0.67646414,4988.191702005,275,1370112.0,2314.0,0.17424172,11.21214
0.084375,-1.1920929e-07,-5173.8,4.568301,1790880155.6786754,0.0007511261,669,0.004452171,0.2,0.0003,0.6757036,4993.192965424,275,1372160.0,2314.0,0.17231512,11.21175
0.072460935,0.0,-5173.8,5.9998693,1790880163.0789537,0.0018483888,670,0.014144883,0.2,0.0003,0.6795188,5003.195830045,275,1374208.0,2314.0,0.17393252,11.210688
0.08383789,0.0,-5173.8,5.6491265,1790880170.4784985,0.0023099072,671,0.007089564,0.2,0.0003,0.66732156,5008.197449927,275,1376256.0,2314.0,0.17408815,11.209098
0.058642577,0.0,-5173.8,4.6104836,1790880177.9050405,0.0013541067,672,0.0055627357,0.2,0.0003,0.6722212,5018.200215305,275,1378304.0,2314.0,0.17320217,11.210238
0.081689455,0.0,-5173.8,6.2447267,1790880185.3175688,0.0032949285,673,0.012735324,0.2,0.0003,0.6853813,5023.200982556,275,1380352.0,2314.0,0.1719885,11.211785
0.059033204,-1.1920929e-07,-5173.8,6.149624,1790880192.7231135,0.0022134772,674,0.007943186,0.2,0.0003,0.7000315,5033.203427557,275,1382400.0,2314.0,0.17042428,11.210808
0.084423825,-1.1920929e-07,-5173.8,5.1750813,1790880200.1398726,0.0028121704,675,0.0052262004,0.2,0.0003,0.7154338,5038.205192149,275,1384448.0,2314.0,0.16944644,11.209544
0.06948242,0.0,-5173.8,4.694744,1790880207.6227326,0.0029618158,676,0.006064645,0.2,0.0003,0.7229443,5048.207929595,275,1386496.0,2314.0,0.16893613,11.209036
0.06982422,0.0,-5173.8,6.286999,1790880214.9589865,-0.00049731997,677,0.0062920675,0.2,0.0003,0.7359181,5053.209511287,275,1388544.0,2314.0,0.1675985,11.210128
0.10366211,5.9604645e-08,-5173.8,6.4660726,1790880222.2170544,0.0010830766,678,0.010863878,0.2,0.0003,0.7493558,5063.212728848,275,1390592.0,2314.0,0.16606867,11.210084
0.106738284,0.0,-5173.8,6.9141464,1790880229.5571394,0.0020117583,679,0.008172893,0.2,0.0003,0.7561823,5068.213550345,275,1392640.0,2314.0,0.1669352,11.2098055
0.0987793,0.0,-5173.8,4.6573877,1790880236.9440875,0.0019371941,680,0.007909039,0.2,0.0003,0.747684,5078.214779648,275,1394688.0,2314.0,0.16675186,11.213203
0.09165039,0.0,-5173.8,7.071836,1790880244.3225386,0.0007626625,681,0.0059685335,0.2,0.0003,0.7408257,5083.215654314,275,1396736.0,2314.0,0.16863322,11.20984
0.07099609,0.0,-5173.8,6.2253156,1790880251.8991818,0.0027379498,682,0.010545373,0.2,0.0003,0.729005,5093.217682922,275,1398784.0,2314.0,0.16850129,11.211463
0.078466795,0.0,-5173.8,7.13131,1790880259.418147,0.0038305325,683,0.018215925,0.2,0.0003,0.7423072,5098.219337885,275,1400832.0,2314.0,0.16695708,11.211372
0.062207032,0.0,-5173.8,4.984821,1790880266.9217012,0.0024944984,684,0.0056132777,0.2,0.0003,0.7383809,5108.221255861,275,1402880.0,2314.0,0.16899206,11.210466
0.11679687,0.0,-5173.8,5.0209165,1790880274.4257534,0.0050196187,685,0.017452482,0.2,0.0003,0.7301185,5113.222344032,275,1404928.0,2314.0,0.16830301,11.209486
0.072021484,0.0,-5173.8,6.195981,1790880281.9358242,0.0035924965,686,0.006508657,0.2,0.0003,0.7258158,5123.223837813,275,1406976.0,2314.0,0.1689319,11.211034
0.07680664,-1.1920929e-07,-5173.8,5.189866,1790880289.4246035,0.0023712597,687,0.0068709627,0.2,0.0003,0.7270151,5128.224540566,275,1409024.0,2314.0,0.16874018,11.211715
0.06977539,0.0,-5173.8,5.4817853,1790880297.0112233,0.003774778,688,0.003637134,0.2,0.0003,0.7338676,5138.227022505,275,1411072.0,2314.0,0.16867027,11.213507
0.0915039,0.0,-5173.8,6.0380363,1790880304.6530151,0.0005606075,689,0.0068227355,0.2,0.0003,0.73687905,5143.22836232,275,1413120.0,2314.0,0.1680452,11.213193
0.06201172,0.0,-5173.8,4.6466484,1790880312.1825483,0.0019092726,690,0.0072281216,0.2,0.0003,0.738662,5153.231226052,275,1415168.0,2314.0,0.16875578,11.210406
0.0793457,0.0,-5173.8,5.6958013,1790880319.7922468,0.00024921505,691,0.004700342,0.2,0.0003,0.72676504,5158.231962941,275,1417216.0,2314.0,0.16972655,11.209605
0.08588867,0.0,-5173.8,4.853765,1790880327.400759,0.0011683439,692,0.005788529,0.2,0.0003,0.72305626,5168.234042922,275,1419264.0,2314.0,0.16964824,11.211675
0.1050293,0.0,-5173.8,5.7515655,1790880334.9934185,0.0018735933,693,0.003848624,0.2,0.0003,0.734639,5173.235632444,275,1421312.0,2314.0,0.16805154,11.210423
0.10771485,0.0,-5173.8,4.971653,1790880342.595202,0.0044516865,694,0.0096070515,0.2,0.0003,0.75358486,5183.237625903,275,1423360.0,2314.0,0.1664797,11.210835
0.07607422,0.0,-5173.8,5.3343577,1790880350.2073438,0.0021237477,695,0.004109592,0.2,0.0003,0.7558811,5188.243263878,275,1425408.0,2314.0,0.1676056,11.210558
0.0921875,0.0,-5173.8,7.2923503,1790880357.8061986,0.003386694,696,0.005465465,0.2,0.0003,0.7440824,5198.245147887,275,1427456.0,2314.0,0.1685906,11.210048
0.09370117,0.0,-5173.8,5.8016996,1790880365.4066036,0.0019702902,697,0.0046178205,0.2,0.0003,0.7385131,5203.245864347,275,1429504.0,2314.0,0.16817957,11.2098055
0.07631836,0.0,-5173.8,5.9370356,1790880373.0007825,0.0028416084,698,0.0064698798,0.2,0.0003,0.74072146,5213.248683988,275,1431552.0,2314.0,0.16837478,11.210448
0.11606445,0.0,-5173.8,5.780567,1790880380.6040654,0.0039754966,699,0.0046282923,0.2,0.0003,0.7290315,5218.249444971,275,1433600.0,2314.0,0.17001887,11.211483
0.080126956,0.0,-5173.8,6.57841,1790880388.1968908,0.0013243268,700,0.0104247,0.2,0.0003,0.7218892,5228.25225724,275,1435648.0,2314.0,0.16988906,11.213741
0.08540039,0.0,-5173.8,5.4327607,1790880395.6879892,0.004265854,701,0.005717871,0.2,0.0003,0.7174053,5233.253829373,275,1437696.0,2314.0,0.1707378,11.211663
0.0902832,0.0,-5173.8,4.25156,1790880403.1943352,0.0016029156,702,0.0069864723,0.2,0.0003,0.71521926,5243.255306049,275,1439744.0,2314.0,0.170152,11.211061
0.09277344,1.7881393e-07,-5173.8,6.8621464,1790880410.7010705,0.0015134463,703,0.007642076,0.2,0.0003,0.7180248,5248.256863852,275,1441792.0,2314.0,0.16997442,11.21054
0.06040039,0.0,-5173.8,5.7614527,1790880418.2725947,0.0017829548,704,0.005246008,0.2,0.0003,0.7099631,5258.259092716,275,1443840.0,2314.0,0.17144012,11.211072
0.08496094,0.0,-5173.8,6.929733,1790880425.8713665,0.0010647972,705,0.0062545063,0.2,0.0003,0.7080192,5263.260717101,275,1445888.0,2314.0,0.17060879,11.211578
0.07133789,0.0,-5173.8,5.9090405,1790880433.481125,0.0019209806,706,0.010206487,0.2,0.0003,0.7162251,5273.262372086,275,1447936.0,2314.0,0.16984147,11.210875
0.08774414,0.0,-5173.8,5.8855233,1790880441.093025,0.0035308483,707,0.005716691,0.2,0.0003,0.7248431,5278.263501511,275,1449984.0,2314.0,0.16934435,11.209223
0.09975586,0.0,-5173.8,6.0340166,1790880448.6952696,0.004172929,708,0.005110483,0.2,0.0003,0.73148483,5288.26530485,275,1452032.0,2314.0,0.16828927,11.210188
0.09082031,0.0,-5173.8,7.0206585,1790880456.3006732,-0.00070026424,709,0.006799431,0.2,0.0003,0.7227492,5298.267208801,275,1454080.0,2314.0,0.17047322,11.212278
0.08774414,0.0,-5173.8,5.788584,1790880463.9035149,0.002735655,710,0.010050927,0.2,0.0003,0.71464896,5303.268269202,275,1456128.0,2314.0,0.16973627,11.21121
0.06171875,5.9604645e-08,-5173.8,5.6392446,1790880471.5205107,0.0021053245,711,0.0034272755,0.2,0.0003,0.71602046,5313.270414051,275,1458176.0,2314.0,0.16996995,11.212735
0.09814453,0.0,-5173.8,6.4478817,1790880479.1381917,0.001671864,712,0.003956608,0.2,0.0003,0.71882236,5318.271939175,275,1460224.0,2314.0,0.16969234,11.209713
0.076171875,0.0,-5173.8,6.868648,1790880486.7655609,0.0024319405,713,0.005369383,0.2,0.0003,0.72898215,5328.274661757,275,1462272.0,2314.0,0.16847868,11.211114
0.109716795,0.0,-5173.8,7.3679156,1790880494.2579412,0.0020180242,714,0.008686649,0.2,0.0003,0.7533383,5333.275716052,275,1464320.0,2314.0,0.16575477,11.211672
0.07895508,0.0,-5173.8,5.212192,1790880501.7395117,0.00061882724,715,0.0050773323,0.2,0.0003,0.77555203,5343.277596248,275,1466368.0,2314.0,0.16470337,11.212007
0.062304687,-1.1920929e-07,-5173.8,6.291404,1790880509.229618,0.0022236188,716,0.0067872265,0.2,0.0003,0.7884018,5348.278669504,275,1468416.0,2314.0,0.16303867,11.212705
0.089501955,0.0,-5173.8,6.108947,1790880516.723046,0.00036762396,717,0.005786555,0.2,0.0003,0.7977205,5358.280570608,275,1470464.0,2314.0,0.16313976,11.211065
0.08916016,-1.1920929e-07,-5173.8,6.104905,1790880524.2136495,0.0022499897,718,0.011036275,0.2,0.0003,0.7974543,5363.28213387,275,1472512.0,2314.0,0.16359347,11.209804
0.095214844,0.0,-5173.8,5.4715466,1790880531.7035854,-0.00012232449,719,0.0065609384,0.2,0.0003,0.7898307,5373.283684689,275,1474560.0,2314.0,0.16401072,11.211503
0.10449219,0.0,-5173.8,7.0803,1790880539.2037985,0.00029002767,720,0.006435058,0.2,0.0003,0.7963139,5378.284931896,275,1476608.0,2314.0,0.16258383,11.210072
0.099804685,0.0,-5173.8,5.7208223,1790880546.707466,0.00300138,721,0.00985914,0.2,0.0003,0.81428874,5388.287153619,275,1478656.0,2314.0,0.16181591,11.210815
0.070214845,0.0,-5173.8,5.8614664,1790880554.2078867,0.0014959231,722,0.0074623395,0.2,0.0003,0.8205532,5393.288428788,275,1480704.0,2314.0,0.16115375,11.212695
0.07773437,0.0,-5173.8,5.816303,1790880561.7423267,0.0016431465,723,0.004281792,0.2,0.0003,0.8312194,5403.291075448,275,1482752.0,2314.0,0.15966755,11.210608
0.10385742,0.0,-5173.8,5.39807,1790880569.2511985,0.001436733,724,0.00447305,0.2,0.0003,0.84006953,5408.292358297,275,1484800.0,2314.0,0.15955043,11.211216
0.07709961,0.0,-5173.8,4.971012,1790880576.779433,0.0036260586,725,0.0040645152,0.2,0.0003,0.8481498,5418.294116014,275,1486848.0,2314.0,0.15877222,11.211244
0.0965332,0.0,-5173.8,5.592307,1790880584.2883902,0.0016768894,726,0.004972494,0.2,0.0003,0.8600745,5423.295000843,275,1488896.0,2314.0,0.1578306,11.210266
0.08095703,0.0,-5173.8,4.92117,1790880591.7995403,0.003845603,727,0.004931057,0.2,0.0003,0.86305505,5433.296882187,275,1490944.0,2314.0,0.15762383,11.210679
0.063769534,0.0,-5173.8,5.4968777,1790880599.313244,0.0025955348,728,0.009064708,0.2,0.0003,0.8697356,5438.297788661,275,1492992.0,2314.0,0.15706965,11.209875
0.091308594,0.0,-5173.8,5.662075,1790880606.7424574,0.0016198016,729,0.005201447,0.2,0.0003,0.8792991,5448.299313461,275,1495040.0,2314.0,0.15588845,11.211206
0.06567383,5.9604645e-08,-5173.8,6.2852063,1790880614.3741353,0.0024371597,730,0.002845263,0.2,0.0003,0.89460397,5453.300456827,275,1497088.0,2314.0,0.1549389,11.209729
0.093164064,-1.1920929e-07,-5173.8,4.5638924,1790880621.968217,0.0013036192,731,0.004919936,0.2,0.0003,0.9064868,5463.302654668,275,1499136.0,2314.0,0.15409976,11.2109165
0.09321289,-1.1920929e-07,-5173.8,7.304521,1790880629.5530765,0.0031997466,732,0.011804855,0.2,0.0003,0.901865,5468.304335424,275,1501184.0,2314.0,0.15499046,11.210196
0.08613281,0.0,-5173.8,5.509307,1790880637.146168,0.0013184557,733,0.0051635504,0.2,0.0003,0.9045997,5478.306547688,275,1503232.0,2314.0,0.15441528,11.212697
0.09667969,0.0,-5173.8,6.847585,1790880644.7058818,0.0009554247,734,0.010387273,0.2,0.0003,0.9119346,5483.308202961,275,1505280.0,2314.0,0.15327036,11.214462
0.08642578,0.0,-5173.8,4.676525,1790880652.3113928,0.002629675,735,0.0070184898,0.2,0.0003,0.92141616,5493.309938658,275,1507328.0,2314.0,0.15317997,11.214098
0.104199216,5.9604645e-08,-5173.8,4.6799064,1790880659.916815,0.0037018545,736,0.010071749,0.2,0.0003,0.92505527,5498.313498212,275,1509376.0,2314.0,0.15245074,11.210072
0.10107422,0.0,-5173.8,3.8637147,1790880667.5298893,0.0037121542,737,0.0054928707,0.2,0.0003,0.9335891,5508.31505497,275,1511424.0,2314.0,0.15146083,11.21222
0.07978515,0.0,-5173.8,5.504273,1790880675.1378827,0.0020132596,738,0.003761332,0.2,0.0003,0.93997157,5513.316411058,275,1513472.0,2314.0,0.15138547,11.209862
0.0902832,0.0,-5173.8,4.620431,1790880682.7460845,0.0039105765,739,0.0072768647,0.2,0.0003,0.947268,5523.318235566,275,1515520.0,2314.0,0.15077868,11.210255
0.0959961,1.7881393e-07,-5173.8,3.8938675,1790880690.3527076,0.0037891474,740,0.00872418,0.2,0.0003,0.96011686,5528.319791783,275,1517568.0,2314.0,0.14957282,11.210337
0.08911133,1.7881393e-07,-5173.8,4.8050737,1790880697.9553943,0.0029149565,741,0.011879181,0.2,0.0003,0.97195756,5538.321666144,275,1519616.0,2314.0,0.14897701,11.21056
0.08916016,0.0,-5173.8,6.1126537,1790880705.3657675,0.0029395623,742,0.0066673867,0.2,0.0003,0.9680502,5543.322783978,275,1521664.0,2314.0,0.14953592,11.211994
0.09736328,0.0,-5173.8,3.4247923,1790880712.7614636,0.00291892,743,0.0072955852,0.2,0.0003,0.97911984,5553.324487629,275,1523712.0,2314.0,0.14779249,11.210904
0.09477539,0.0,-5173.8,3.869263,1790880720.1622791,0.003625927,744,0.010700155,0.2,0.0003,0.9899894,5558.326054543,275,1525760.0,2314.0,0.14777952,11.209695
0.10136719,0.0,-5173.8,4.9188194,1790880727.5648973,0.0021970626,745,0.0050607454,0.2,0.0003,0.9872476,5568.328513796,275,1527808.0,2314.0,0.14821085,11.209554
0.0680664,0.0,-5173.8,6.299756,1790880734.9526203,0.003269134,746,0.006174299,0.2,0.0003,0.9968794,5573.330141735,275,1529856.0,2314.0,0.14662778,11.211198
0.08071289,1.7881393e-07,-5173.8,6.3914495,1790880742.3144026,0.0008830511,747,0.0061172387,0.2,0.0003,1.0281491,5583.3317879,275,1531904.0,2314.0,0.14376262,11.211596
0.076416016,5.9604645e-08,-5173.8,4.7235727,1790880749.7137218,0.0028195346,748,0.0058660344,0.2,0.0003,1.0423602,5588.333059708,275,1533952.0,2314.0,0.1445739,11.210168
0.081445314,1.7881393e-07,-5173.8,5.3674517,1790880757.116686,0.004165596,749,0.003877324,0.2,0.0003,1.0402805,5598.335069528,275,1536000.0,2314.0,0.14374802,11.211796
0.09624024,0.0,-5173.8,5.3461285,1790880764.4962056,0.0014976868,750,0.00695643,0.2,0.0003,1.0443558,5603.335815387,275,1538048.0,2314.0,0.14420308,11.211771
0.12246094,0.0,-5173.8,5.731861,1790880771.8735294,0.0027498098,751,0.009558948,0.2,0.0003,1.0545049,5613.337719171,275,1540096.0,2314.0,0.14215183,11.212344
0.09990235,0.0,-5173.8,5.1774526,1790880779.23888,0.002917674,752,0.004297431,0.2,0.0003,1.0820336,5618.340391236,275,1542144.0,2314.0,0.14056742,11.209465
0.08862305,0.0,-5173.8,6.584104,1790880786.589564,0.003332231,753,0.005174737,0.2,0.0003,1.0939789,5628.342774603,275,1544192.0,2314.0,0.14032789,11.210615
0.07944336,1.7881393e-07,-5173.8,4.7759404,1790880793.9388463,0.0029192385,754,0.006103627,0.2,0.0003,1.1007968,5633.344287981,275,1546240.0,2314.0,0.13943319,11.2097435
0.09189453,0.0,-5173.8,4.6015673,1790880801.3136008,0.0036886712,755,0.009261079,0.2,0.0003,1.0989666,5638.345595277,275,1548288.0,2314.0,0.14027864,11.209829
0.09272461,0.0,-5173.8,6.6409307,1790880808.6829836,0.0033298032,756,0.009891262,0.2,0.0003,1.0891867,5648.348345127,275,1550336.0,2314.0,0.14077309,11.209603
0.09667969,0.0,-5173.8,5.5696034,1790880816.0660954,0.0026696352,757,0.010847276,0.2,0.0003,1.0929224,5653.34924281,275,1552384.0,2314.0,0.14016736,11.21263
0.121191405,0.0,-5173.8,5.701043,1790880823.4330544,-1.6640286e-05,758,0.011540057,0.2,0.0003,1.0901943,5663.351816498,275,1554432.0,2314.0,0.14056055,11.209898
0.082617186,0.0,-5173.8,4.0802155,1790880830.8165607,0.0037114995,759,0.0045284247,0.2,0.0003,1.0879376,5668.352822104,275,1556480.0,2314.0,0.14102459,11.209898
0.106933594,0.0,-5173.8,5.372668,1790880838.1846068,0.0038632462,760,0.005208076,0.2,0.0003,1.0812129,5678.355016771,275,1558528.0,2314.0,0.14130154,11.210069
0.09726562,0.0,-5173.8,6.6853952,1790880845.5329158,0.0034006177,761,0.004934691,0.2,0.0003,1.0763116,5683.355751474,275,1560576.0,2314.0,0.14191446,11.210998
0.09467773,0.0,-5173.8,5.739439,1790880852.9218178,0.0030507392,762,0.006329067,0.2,0.0003,1.0852064,5693.357399024,275,1562624.0,2314.0,0.14032227,11.21089
0.08701172,0.0,-5173.8,5.919723,1790880860.4642854,0.0024875412,763,0.007841843,0.2,0.0003,1.1042067,5698.359060301,275,1564672.0,2314.0,0.13916153,11.209773
0.08911133,0.0,-5173.8,6.3522615,1790880867.9012358,0.0041342764,764,0.006097895,0.2,0.0003,1.1150223,5708.360964155,275,1566720.0,2314.0,0.1389707,11.2124815
0.091113284,0.0,-5173.8,6.6584845,1790880875.374077,0.0033278072,765,0.0056022573,0.2,0.0003,1.108436,5713.362611574,275,1568768.0,2314.0,0.13996276,11.210971
0.0894043,0.0,-5173.8,4.652538,1790880882.845278,-0.0007970552,766,0.0069868853,0.2,0.0003,1.1107284,5723.365248598,275,1570816.0,2314.0,0.13876879,11.21032
0.10454102,0.0,-5173.8,6.3457317,1790880890.3186846,0.004055749,767,0.0075749997,0.2,0.0003,1.10828,5728.366465647,275,1572864.0,2314.0,0.13992548,11.210761
0.083984375,0.0,-5173.8,6.7504015,1790880897.8151834,0.0031128672,768,0.006425828,0.2,0.0003,1.1037762,5738.368177059,275,1574912.0,2314.0,0.13972282,11.210303
0.093896486,0.0,-5173.8,5.360029,1790880905.2878919,0.002789719,769,0.00555566,0.2,0.0003,1.1247087,5743.37007047,275,1576960.0,2314.0,0.13769089,11.21051
0.09907226,0.0,-5173.8,7.0559044,1790880912.7945955,0.0029954344,770,0.006945608,0.2,0.0003,1.1395757,5753.371095003,275,1579008.0,2314.0,0.13711718,11.214762
0.068798825,0.0,-5173.8,4.8844223,1790880920.2680027,0.003931724,771,0.005505276,0.2,0.0003,1.1502094,5758.372201649,275,1581056.0,2314.0,0.13607538,11.211081
0.099804685,0.0,-5173.8,5.710898,1790880927.7470691,0.002357496,772,0.007746415,0.2,0.0003,1.1596174,5768.373872133,275,1583104.0,2314.0,0.1359209,11.209277
0.096386716,5.9604645e-08,-5173.8,7.0891166,1790880935.258602,0.0023127533,773,0.006209327,0.2,0.0003,1.1577832,5773.375354011,275,1585152.0,2314.0,0.13621652,11.213178
0.083496094,0.0,-5173.8,4.560002,1790880942.6614764,0.0028495481,774,0.0075875437,0.2,0.0003,1.1674777,5783.377607563,275,1587200.0,2314.0,0.1344947,11.211095
0.117333986,0.0,-5173.8,4.9552274,1790880950.0993068,0.003268122,775,0.0146438535,0.2,0.0003,1.1718308,5788.379402765,275,1589248.0,2314.0,0.1356333,11.210128
0.08183594,0.0,-5173.8,6.691768,1790880957.5715694,0.0033285078,776,0.010769526,0.2,0.0003,1.1672354,5798.381346976,275,1591296.0,2314.0,0.13508752,11.210344
0.1303711,0.0,-5173.8,4.659912,1790880965.0553968,0.0021523219,777,0.005541085,0.2,0.0003,1.1744639,5803.383285633,275,1593344.0,2314.0,0.1349144,11.20989
0.0828125,-1.1920929e-07,-5173.8,5.559774,1790880972.34143,0.003842101,778,0.011320066,0.2,0.0003,1.172755,5813.384819589,275,1595392.0,2314.0,0.13495257,11.211292
0.11020508,0.0,-5173.8,5.4925632,1790880980.017187,0.0042984877,779,0.01022202,0.2,0.0003,1.1836509,5818.386339438,275,1597440.0,2314.0,0.13344787,11.210849
0.111279294,-1.1920929e-07,-5173.8,6.4489036,1790880987.6889608,0.002631666,780,0.010606794,0.2,0.0003,1.1935053,5828.38796805,275,1599488.0,2314.0,0.13370377,11.214481
0.09301758,5.9604645e-08,-5173.8,7.4848676,1790880995.3649662,0.0026060482,781,0.005375269,0.2,0.0003,1.2026029,5833.389693952,275,1601536.0,2314.0,0.13252398,11.211238
0.10317383,0.0,-5173.8,6.7204423,1790881003.0310488,0.00021807713,782,0.006097913,0.2,0.0003,1.2168008,5843.391287022,275,1603584.0,2314.0,0.13196585,11.210993
0.093603514,0.0,-5173.8,3.8828113,1790881010.690284,0.002478542,783,0.007499312,0.2,0.0003,1.238086,5848.392922953,275,1605632.0,2314.0,0.12954405,11.208524
0.11606445,0.0,-5173.8,7.0287204,1790881018.3192372,0.0036971415,784,0.007879113,0.2,0.0003,1.2669736,5858.395278418,275,1607680.0,2314.0,0.12839246,11.21111
0.083740234,0.0,-5173.8,5.4953256,1790881025.8095207,0.0034211078,785,0.006091291,0.2,0.0003,1.2806662,5863.396125207,275,1609728.0,2314.0,0.1277346,11.212319
0.07397461,0.0,-5173.8,6.106855,1790881033.2784889,0.0017349138,786,0.0069598537,0.2,0.0003,1.3012862,5873.397290203,275,1611776.0,2314.0,0.12586251,11.210671
0.094091795,0.0,-5173.8,6.0038486,1790881040.766555,0.0041100625,787,0.0057389014,0.2,0.0003,1.3141062,5878.398225439,275,1613824.0,2314.0,0.12635812,11.20934
0.13081054,1.7881393e-07,-5173.8,5.6612244,1790881048.246176,0.00035053596,788,0.013453713,0.2,0.0003,1.3154641,5888.400885426,275,1615872.0,2314.0,0.1257514,11.21116
0.08066406,0.0,-5173.8,5.341079,1790881055.7341573,0.0039287056,789,0.0075526806,0.2,0.0003,1.3262577,5893.402372226,275,1617920.0,2314.0,0.12536097,11.211248
0.10136719,0.0,-5173.8,4.9218287,1790881063.2142997,0.0032921797,790,0.0073369886,0.2,0.0003,1.3395596,5903.404822993,275,1619968.0,2314.0,0.12421879,11.210255
0.1027832,0.0,-5173.8,5.826571,1790881070.6988022,0.0035181453,791,0.0074286032,0.2,0.0003,1.3487103,5908.406593748,274,1622016.0,2314.0,0.12408895,11.210904
0.09003906,0.0,-5173.8,4.6036625,1790881078.238475,0.0038449012,792,0.0060428404,0.2,0.0003,1.3540592,5918.408934078,274,1624064.0,2314.0,0.123833306,11.209676
0.10981445,5.9604645e-08,-5173.8,6.885753,1790881085.9096873,0.00213169,793,0.008034052,0.2,0.0003,1.3443667,5923.409998785,274,1626112.0,2314.0,0.12481366,11.211409
0.120947264,0.0,-5173.8,5.974711,1790881093.5618353,0.0040882076,794,0.00782368,0.2,0.0003,1.3284549,5933.41297239,274,1628160.0,2314.0,0.12606812,11.209784
0.11899414,5.9604645e-08,-5173.8,5.771134,1790881101.204811,0.003291753,795,0.005372341,0.2,0.0003,1.317875,5938.413798672,274,1630208.0,2314.0,0.12633339,11.2108345
0.10019531,0.0,-5173.8,6.3278747,1790881108.7980123,0.0029820092,796,0.0058954675,0.2,0.0003,1.3079189,5948.416459845,274,1632256.0,2314.0,0.12771495,11.211749
0.11069336,5.9604645e-08,-5173.8,5.9949293,1790881116.4907436,0.0047602523,797,0.008741635,0.2,0.0003,1.3076149,5958.41829222,274,1634304.0,2314.0,0.12669522,11.211372
0.107373044,0.0,-5173.8,4.977934,1790881124.1810353,0.0019547606,798,0.01016286,0.2,0.0003,1.3115468,5963.419820543,274,1636352.0,2314.0,0.12688261,11.212862
0.10908203,5.9604645e-08,-5173.8,6.739017,1790881131.8383904,0.002192125,799,0.0030063028,0.2,0.0003,1.3202463,5973.422455638,274,1638400.0,2314.0,0.12630136,11.209068
0.119140625,0.0,-5173.8,4.1495214,1790881139.5099604,0.0015775999,800,0.008722281,0.2,0.0003,1.3305914,5978.423350424,274,1640448.0,2314.0,0.12564844,11.209293
0.089941405,1.7881393e-07,-5173.8,5.3122773,1790881147.177331,0.0024662747,801,0.008297568,0.2,0.0003,1.344265,5988.425876132,274,1642496.0,2314.0,0.124414094,11.213073
0.12070312,0.0,-5173.8,6.4908104,1790881154.8514736,0.0046138503,802,0.009512994,0.2,0.0003,1.3531227,5993.428133195,274,1644544.0,2314.0,0.12439676,11.213064
0.11972656,0.0,-5173.8,6.231255,1790881162.5367713,0.0054749926,803,0.007839456,0.2,0.0003,1.3572513,6003.430283261,274,1646592.0,2314.0,0.12391506,11.212164
0.11821289,0.0,-5173.8,6.535889,1790881170.1912038,0.0051539605,804,0.008819564,0.2,0.0003,1.3713777,6008.431748522,274,1648640.0,2314.0,0.12275457,11.210579
0.12382813,1.7881393e-07,-5173.8,6.4041767,1790881177.8714783,0.0022160977,805,0.01149615,0.2,0.0003,1.3677838,6018.433718318,274,1650688.0,2314.0,0.12407234,11.211309
0.093896486,0.0,-5173.8,5.971976,1790881185.555274,0.0035250662,806,0.006616747,0.2,0.0003,1.3735588,6023.435416412,274,1652736.0,2314.0,0.122845255,11.210497
0.1463379,0.0,-5173.8,3.87301,1790881193.231404,0.0054019056,807,0.012666692,0.2,0.0003,1.3872999,6033.437018831,274,1654784.0,2314.0,0.12189151,11.211114
0.098242186,0.0,-5173.8,5.1922226,1790881200.9047027,0.0029739803,808,0.0060917116,0.2,0.0003,1.3903134,6038.438388554,274,1656832.0,2314.0,0.122284934,11.211609
0.11279297,5.9604645e-08,-5173.8,4.471077,1790881208.418616,0.0016811654,809,0.0057113124,0.2,0.0003,1.3916872,6048.439725711,274,1658880.0,2314.0,0.12179549,11.212034
0.10825195,0.0,-5173.8,5.179205,1790881216.0957,0.0041683423,810,0.0076339482,0.2,0.0003,1.4032515,6053.440528174,274,1660928.0,2314.0,0.12056101,11.211374
0.11425781,0.0,-5173.8,5.8096924,1790881223.7697167,0.0034735866,811,0.0037102539,0.2,0.0003,1.4155469,6063.442249938,274,1662976.0,2314.0,0.120733485,11.209958
0.11235352,0.0,-5173.8,6.04657,1790881231.4415607,0.0054492922,812,0.013534524,0.2,0.0003,1.4120529,6073.44516537,274,1665024.0,2314.0,0.120963484,11.213217
0.12460937,0.0,-5173.8,6.491381,1790881239.1209524,0.002784317,813,0.011116746,0.2,0.0003,1.4072651,6078.445868832,274,1667072.0,2314.0,0.12135914,11.209901
0.091113284,0.0,-5173.8,5.719997,1790881246.760825,0.0022080732,814,0.008060237,0.2,0.0003,1.3895333,6088.44745795,274,1669120.0,2314.0,0.12269347,11.209972
0.10087891,5.9604645e-08,-5173.8,5.154628,1790881254.3912036,0.006132969,815,0.0062541356,0.2,0.0003,1.385502,6093.448567665,274,1671168.0,2314.0,0.12217334,11.211188
0.11743164,0.0,-5173.8,5.8551345,1790881262.04763,0.0041432963,816,0.0103641115,0.2,0.0003,1.3904439,6103.450109393,274,1673216.0,2314.0,0.122245096,11.213566
0.10439453,0.0,-5173.8,6.801995,1790881269.6866581,0.00035293156,817,0.00960747,0.2,0.0003,1.3946872,6108.451096029,274,1675264.0,2314.0,0.1216732,11.210257
0.13017578,-1.1920929e-07,-5173.8,5.4107704,1790881277.3658657,0.00025435942,818,0.005100609,0.2,0.0003,1.4098077,6118.4535305,274,1677312.0,2314.0,0.12037102,11.209987
0.11655273,5.9604645e-08,-5173.8,5.9777126,1790881285.0440018,0.004763849,819,0.010127067,0.2,0.0003,1.4206235,6123.454762683,274,1679360.0,2314.0,0.12023082,11.213209
0.107226565,0.0,-5173.8,5.8985124,1790881292.7018073,0.0047093607,820,0.0060062436,0.2,0.0003,1.4191022,6133.456118852,274,1681408.0,2314.0,0.1201441,11.210617
0.089941405,0.0,-5173.8,4.4904003,1790881300.3076634,0.002873238,821,0.004726672,0.2,0.0003,1.422161,6138.457685342,274,1683456.0,2314.0,0.11986533,11.210802
0.095507815,1.7881393e-07,-5173.8,5.596783,1790881307.9878066,0.0044763144,822,0.005797363,0.2,0.0003,1.425663,6148.459982526,274,1685504.0,2314.0,0.11943488,11.210608
0.09667969,0.0,-5173.8,4.73312,1790881315.6347938,0.004789341,823,0.011460169,0.2,0.0003,1.4333864,6153.461423063,274,1687552.0,2314.0,0.11920507,11.2113085
0.095263675,0.0,-5173.8,6.5629573,1790881323.2994068,0.0037163603,824,0.010973654,0.2,0.0003,1.445699,6163.463638121,274,1689600.0,2314.0,0.11819198,11.211485
0.122851565,0.0,-5173.8,4.7653527,1790881330.973289,0.0035195122,825,0.013215722,0.2,0.0003,1.4629828,6168.4655077,274,1691648.0,2314.0,0.11718507,11.211419
0.10585938,0.0,-5173.8,6.465621,1790881338.6312213,0.0040195333,826,0.009810382,0.2,0.0003,1.4722385,6178.467860012,274,1693696.0,2314.0,0.11698432,11.211846
0.110888675,1.7881393e-07,-5173.8,4.675008,1790881346.3088324,0.0036442603,827,0.01072899,0.2,0.0003,1.4694284,6188.471042224,274,1695744.0,2314.0,0.11714969,11.212234
0.113623045,0.0,-5173.8,7.160716,1790881353.976411,0.004413687,828,0.008061761,0.2,0.0003,1.4740115,6193.472159691,274,1697792.0,2314.0,0.11672798,11.211842
0.1315918,5.9604645e-08,-5173.8,5.199409,1790881361.6418,0.0044856733,829,0.009436952,0.2,0.0003,1.4819064,6203.474438665,274,1699840.0,2314.0,0.11635746,11.209717
0.101416014,0.0,-5173.8,6.628824,1790881369.3206413,0.0027204456,830,0.0069294376,0.2,0.0003,1.4847147,6208.475965035,274,1701888.0,2314.0,0.116640195,11.211623
0.11044922,0.0,-5173.8,6.189712,1790881376.9949949,0.004877231,831,0.01118206,0.2,0.0003,1.4777596,6218.477395179,274,1703936.0,2314.0,0.11698229,11.211998
0.09829102,0.0,-5173.8,5.2268796,1790881384.655201,0.0035683343,832,0.007992297,0.2,0.0003,1.4756436,6223.478937022,274,1705984.0,2314.0,0.11695027,11.211779
0.12211914,0.0,-5173.8,5.855677,1790881392.3287632,0.003339116,833,0.007872175,0.2,0.0003,1.4702046,6233.481668887,274,1708032.0,2314.0,0.117642865,11.211659
0.10185547,-1.1920929e-07,-5173.8,6.34255,1790881400.000879,0.001971823,834,0.006346508,0.2,0.0003,1.475165,6238.48276887,274,1710080.0,2314.0,0.11637659,11.212459
0.11000977,0.0,-5173.8,5.2356725,1790881407.6751552,0.002196961,835,0.008481748,0.2,0.0003,1.4945853,6248.484890653,274,1712128.0,2314.0,0.11588268,11.213497
0.09897461,0.0,-5173.8,3.957777,1790881415.3562734,0.004156344,836,0.008568511,0.2,0.0003,1.5001429,6253.486402413,274,1714176.0,2314.0,0.11614311,11.211977
0.12836914,5.9604645e-08,-5173.8,3.6919763,1790881423.0168664,0.004105888,837,0.01103026,0.2,0.0003,1.4957093,6263.488973671,274,1716224.0,2314.0,0.116260916,11.212349
0.12045898,0.0,-5173.8,5.9952006,1790881430.6709042,0.006493994,838,0.01701498,0.2,0.0003,1.4898667,6268.490662455,274,1718272.0,2314.0,0.116887376,11.209586
0.101660155,-1.1920929e-07,-5173.8,4.1368074,1790881438.301816,0.0036190408,839,0.0093277395,0.2,0.0003,1.4766657,6278.493287141,274,1720320.0,2314.0,0.11800705,11.212383
0.12524414,1.7881393e-07,-5173.8,6.595078,1790881445.952871,0.004283389,840,0.0058999876,0.2,0.0003,1.4746959,6283.494051679,274,1722368.0,2314.0,0.11728467,11.20979
0.14331055,0.0,-5173.8,6.120967,1790881453.628062,0.0040258877,841,0.0074372916,0.2,0.0003,1.4840655,6293.496472027,274,1724416.0,2314.0,0.11739773,11.21034
0.111279294,0.0,-5173.8,5.318334,1790881461.266047,0.0035437103,842,0.007083936,0.2,0.0003,1.4628935,6298.4982118,274,1726464.0,2314.0,0.119146764,11.210575
0.12407227,0.0,-5173.8,5.6208653,1790881468.9068885,0.004084476,843,0.01084568,0.2,0.0003,1.4520946,6308.50052352,274,1728512.0,2314.0,0.11860708,11.210663
0.09814453,0.0,-5173.8,5.4139333,1790881476.5458558,0.004475386,844,0.0066721686,0.2,0.0003,1.4586353,6318.503246946,274,1730560.0,2314.0,0.11847219,11.209617
0.0902832,0.0,-5173.8,5.2685065,1790881484.1871474,0.0028628507,845,0.008764334,0.2,0.0003,1.453314,6323.504936479,274,1732608.0,2314.0,0.119321845,11.211793
0.13779297,1.7881393e-07,-5173.8,4.87185,1790881491.7957041,0.0058645015,846,0.006378008,0.2,0.0003,1.4622968,6333.506695485,274,1734656.0,2314.0,0.11807132,11.21199
0.09472656,5.9604645e-08,-5173.8,3.7956133,1790881499.4274266,0.0030265765,847,0.005863826,0.2,0.0003,1.4846054,6338.508326264,274,1736704.0,2314.0,0.11673939,11.211781
0.112011716,0.0,-5173.8,5.1463394,1790881506.8626652,0.0036029757,848,0.012491034,0.2,0.0003,1.492862,6348.510762662,274,1738752.0,2314.0,0.11652218,11.210926
0.09804688,0.0,-5173.8,5.129727,1790881514.3831806,0.0002962139,849,0.011236941,0.2,0.0003,1.4868106,6353.511917584,274,1740800.0,2314.0,0.117680885,11.211075
0.09794922,-1.1920929e-07,-5173.8,5.71573,1790881521.8675485,0.0018697479,850,0.006231665,0.2,0.0003,1.4770169,6363.513165288,274,1742848.0,2314.0,0.11801441,11.209403
0.118701175,0.0,-5173.8,5.3184533,1790881529.3840506,0.0040631993,851,0.0072076293,0.2,0.0003,1.4756509,6368.514784169,274,1744896.0,2314.0,0.11773777,11.211903
0.1046875,0.0,-5173.8,5.9495983,1790881536.919307,0.0032574022,852,0.0045919386,0.2,0.0003,1.4823362,6378.51746703,274,1746944.0,2314.0,0.116596885,11.215727
0.1338379,0.0,-5173.8,6.4899364,1790881544.328723,0.0062094703,853,0.004582128,0.2,0.0003,1.4866526,6383.51863495,274,1748992.0,2314.0,0.11685541,11.210893
0.09584961,0.0,-5173.8,6.5709376,1790881551.834838,0.0038451308,854,0.004345555,0.2,0.0003,1.482438,6393.520864907,274,1751040.0,2314.0,0.11693634,11.213176
0.1284668,0.0,-5173.8,6.126473,1790881559.3673618,0.0037221967,855,0.008179739,0.2,0.0003,1.492643,6398.521568996,274,1753088.0,2314.0,0.11589208,11.210811
0.092236325,0.0,-5173.8,5.2235174,1790881566.861973,0.002816323,856,0.004001639,0.2,0.0003,1.4997935,6408.523423909,274,1755136.0,2314.0,0.11593936,11.212633
0.14125976,0.0,-5173.8,5.814904,1790881574.400848,0.0042185336,857,0.015392484,0.2,0.0003,1.4998702,6413.524672034,274,1757184.0,2314.0,0.11591495,11.210186
0.11577149,0.0,-5173.8,5.3373756,1790881581.887254,0.0039026255,858,0.0057770647,0.2,0.0003,1.5087966,6423.525943265,274,1759232.0,2314.0,0.11521216,11.210407
0.1144043,0.0,-5173.8,6.710261,1790881589.4191167,0.004721468,859,0.009259768,0.2,0.0003,1.5194674,6428.52692816,274,1761280.0,2314.0,0.11502083,11.209629
0.115283206,1.7881393e-07,-5173.8,5.7668576,1790881596.8829749,0.004929363,860,0.0045485534,0.2,0.0003,1.5216177,6438.529525447,274,1763328.0,2314.0,0.11477388,11.213628
0.1293457,0.0,-5173.8,5.8321066,1790881604.4117973,0.0036716415,861,0.020915862,0.2,0.0003,1.5069875,6443.531216894,274,1765376.0,2314.0,0.11646275,11.211382
0.14331055,0.0,-5173.8,4.37114,1790881611.9790618,0.004579489,862,0.012503531,0.2,0.0003,1.4920381,6453.532856404,274,1767424.0,2314.0,0.116523,11.21088
0.09321289,0.0,-5173.8,5.538626,1790881619.5138912,0.0050513465,863,0.013260087,0.2,0.0003,1.4934374,6458.534108258,274,1769472.0,2314.0,0.11634371,11.210966
0.09833984,1.7881393e-07,-5173.8,5.2900977,1790881626.968758,0.0035346167,864,0.007155572,0.2,0.0003,1.4929801,6468.535420841,274,1771520.0,2314.0,0.11654227,11.212218
0.12011719,0.0,-5173.8,4.3319616,1790881634.481332,0.0048872214,865,0.016085614,0.2,0.0003,1.4822611,6473.536360881,274,1773568.0,2314.0,0.1173164,11.212035
0.093652345,0.0,-5173.8,6.611286,1790881641.89968,0.0024898925,866,0.007896491,0.2,0.0003,1.4771929,6483.537972779,274,1775616.0,2314.0,0.11675967,11.213819
0.114550784,0.0,-5173.8,5.606927,1790881649.4605718,0.004499223,867,0.009946956,0.2,0.0003,1.4871776,6488.539379309,274,1777664.0,2314.0,0.11664471,11.210346
0.10253906,0.0,-5173.8,5.0077825,1790881656.9586213,0.0032131867,868,0.011560088,0.2,0.0003,1.4991611,6498.541800723,274,1779712.0,2314.0,0.11512914,11.21074
0.11538086,1.7881393e-07,-5173.8,5.299615,1790881664.5524266,0.0038320369,869,0.009437969,0.2,0.0003,1.5045707,6503.543456791,274,1781760.0,2314.0,0.115434885,11.210941
0.09560547,0.0,-5173.8,4.6675444,1790881672.0541835,0.004167204,870,0.0075489474,0.2,0.0003,1.520385,6513.545340397,274,1783808.0,2314.0,0.11384949,11.210522
0.115917966,0.0,-5173.8,5.487952,1790881679.5530553,0.0040150797,871,0.0058667054,0.2,0.0003,1.5435399,6518.546395753,274,1785856.0,2314.0,0.11300602,11.212024
0.1078125,-1.1920929e-07,-5173.8,6.191787,1790881687.0024884,0.005847514,872,0.0053800168,0.2,0.0003,1.5568678,6528.549229414,274,1787904.0,2314.0,0.11247399,11.208972
0.10268555,0.0,-5173.8,5.5178185,1790881694.4862072,0.003132164,873,0.009257233,0.2,0.0003,1.5645281,6533.549952107,274,1789952.0,2314.0,0.11257823,11.210732
0.10595703,0.0,-5173.8,6.192563,1790881701.9084105,0.004828198,874,0.010125439,0.2,0.0003,1.5631579,6543.552663425,274,1792000.0,2314.0,0.11253688,11.211554
0.13393554,5.9604645e-08,-5173.8,6.126432,1790881709.391756,0.0010288394,875,0.009467778,0.2,0.0003,1.5697072,6548.554165994,274,1794048.0,2314.0,0.11232701,11.211036
0.10991211,0.0,-5173.8,4.678434,1790881716.8956032,0.0027819767,876,0.010358732,0.2,0.0003,1.568304,6558.555653438,274,1796096.0,2314.0,0.112630635,11.210756
0.07895508,-1.1920929e-07,-5173.8,7.1694236,1790881724.3848574,0.0027357123,877,0.008452487,0.2,0.0003,1.5715039,6563.557393116,274,1798144.0,2314.0,0.11258663,11.210021
0.1258789,0.0,-5173.8,5.420219,1790881731.8140512,0.005783796,878,0.012149274,0.2,0.0003,1.574489,6573.558532093,274,1800192.0,2314.0,0.112279505,11.2110405
0.11010742,-1.1920929e-07,-5173.8,6.2381463,1790881739.2324603,0.0037660936,879,0.0072716717,0.2,0.0003,1.5814298,6578.559423257,274,1802240.0,2314.0,0.11198805,11.210722
0.06518555,0.0,-5173.8,5.1191726,1790881746.6299458,0.0030356783,880,0.009065431,0.2,0.0003,1.5770959,6588.561268446,274,1804288.0,2314.0,0.112203315,11.211938
0.13457032,0.0,-5173.8,5.8290854,1790881754.0632136,0.004065875,881,0.009292936,0.2,0.0003,1.5914953,6593.563016552,274,1806336.0,2314.0,0.1108794,11.210098
0.1038086,0.0,-5173.8,6.701873,1790881761.5652633,0.0054978384,882,0.0056770183,0.2,0.0003,1.6017407,6603.564733426,274,1808384.0,2314.0,0.11136551,11.210164
0.09882812,0.0,-5173.8,5.102677,1790881769.0456443,0.005245183,883,0.008275529,0.2,0.0003,1.5874672,6608.566385981,274,1810432.0,2314.0,0.11212132,11.21189
0.12231445,-1.1920929e-07,-5173.8,6.486786,1790881776.3914685,0.0040460005,884,0.010206504,0.2,0.0003,1.5821068,6613.56772532,274,1812480.0,2314.0,0.11264494,11.20984
0.0972168,0.0,-5173.8,7.1482105,1790881783.7479672,0.0024717734,885,0.011977239,0.2,0.0003,1.5873253,6623.570586928,274,1814528.0,2314.0,0.11174792,11.211463
0.10732422,0.0,-5173.8,6.6370277,1790881791.1794152,0.003801251,886,0.007949651,0.2,0.0003,1.6045276,6628.571699772,274,1816576.0,2314.0,0.111040585,11.211843
0.14824219,0.0,-5173.8,4.527257,1790881798.6162853,0.003758682,887,0.010087805,0.2,0.0003,1.6032389,6638.573759713,274,1818624.0,2314.0,0.11200095,11.212465
0.10454102,0.0,-5173.8,5.127791,1790881805.9459243,0.0028824387,888,0.008837169,0.2,0.0003,1.5918694,6643.57500894,274,1820672.0,2314.0,0.112559885,11.209469
0.12626953,0.0,-5173.8,7.419316,1790881813.35784,0.0020486542,889,0.012738963,0.2,0.0003,1.6034234,6653.577064734,274,1822720.0,2314.0,0.110516444,11.211302
0.16772461,0.0,-5173.8,4.501422,1790881820.7630975,0.007196307,890,0.009735081,0.2,0.0003,1.6173314,6658.577945736,274,1824768.0,2314.0,0.11082652,11.211033
0.08935547,0.0,-5173.8,6.8846564,1790881828.155266,0.0037215839,891,0.004337484,0.2,0.0003,1.6043785,6668.580248351,274,1826816.0,2314.0,0.112120256,11.2110195
0.13828126,-1.1920929e-07,-5173.8,4.5011277,1790881835.566896,0.005687119,892,0.006977277,0.2,0.0003,1.5887955,6673.581663122,274,1828864.0,2314.0,0.112661764,11.211049
0.10966797,0.0,-5173.8,3.610519,1790881842.9772701,0.0028809106,893,0.010375863,0.2,0.0003,1.5936116,6683.584284076,274,1830912.0,2314.0,0.11133227,11.211798
0.080078125,0.0,-5173.8,6.723428,1790881850.4479072,0.0031355892,894,0.0028585806,0.2,0.0003,1.6058824,6688.585788743,274,1832960.0,2314.0,0.11191651,11.213198
0.12177734,0.0,-5173.8,6.0422688,1790881857.9431956,0.004039626,895,0.009368695,0.2,0.0003,1.6036178,6698.588524958,274,1835008.0,2314.0,0.110917486,11.211861
0.11787109,0.0,-5173.8,6.471088,1790881865.4507854,0.0040097223,896,0.0064163515,0.2,0.0003,1.6091793,6703.589634373,274,1837056.0,2314.0,0.1109179,11.210296
0.13139649,0.0,-5173.8,4.880943,1790881872.9500365,0.0044995826,897,0.010405967,0.2,0.0003,1.6069571,6713.59201946,274,1839104.0,2314.0,0.11111775,11.20876
0.13325195,-1.1920929e-07,-5173.8,4.818258,1790881880.459559,0.00485934,898,0.008490444,0.2,0.0003,1.6003214,6718.593513065,274,1841152.0,2314.0,0.11113337,11.210327
0.14389649,0.0,-5173.8,8.22007,1790881887.8853757,0.0053056,899,0.010458695,0.2,0.0003,1.6075695,6728.594465174,274,1843200.0,2314.0,0.11043066,11.211563
0.0847168,-1.1920929e-07,-5173.8,6.0201945,1790881895.3509896,0.0036765325,900,0.00951094,0.2,0.0003,1.6141341,6733.59654194,274,1845248.0,2314.0,0.10985541,11.20994
0.12988281,0.0,-5173.8,6.250018,1790881902.843963,0.0047688535,901,0.01189932,0.2,0.0003,1.6331445,6743.598657119,274,1847296.0,2314.0,0.108213104,11.210711
0.122851565,0.0,-5173.8,4.7296515,1790881910.1821868,0.0067939344,902,0.0056207273,0.2,0.0003,1.6557195,6748.59950538,274,1849344.0,2314.0,0.10750222,11.210197
0.09765625,-1.1920929e-07,-5173.8,5.417426,1790881917.7021666,0.0027700139,903,0.0033052308,0.2,0.0003,1.6618716,6758.60164744,274,1851392.0,2314.0,0.107574105,11.21068
0.13432617,0.0,-5173.8,4.939342,1790881925.1843312,0.006686724,904,0.00729982,0.2,0.0003,1.6639127,6763.602741062,274,1853440.0,2314.0,0.10752315,11.209864
0.10410156,0.0,-5173.8,4.522929,1790881932.693272,0.0042264196,905,0.005521437,0.2,0.0003,1.6567793,6773.604163918,274,1855488.0,2314.0,0.108231306,11.211068
0.10454102,0.0,-5173.8,5.2247314,1790881940.2177322,0.002385213,906,0.007831418,0.2,0.0003,1.6564614,6778.605439563,274,1857536.0,2314.0,0.10770182,11.211339
0.1296875,0.0,-5173.8,5.7959833,1790881947.7418492,0.0027691547,907,0.006235055,0.2,0.0003,1.6573969,6788.608340223,274,1859584.0,2314.0,0.107515946,11.210988
0.119824216,0.0,-5173.8,7.1007276,1790881955.2498834,0.0045865257,908,0.0062008034,0.2,0.0003,1.6584572,6793.610433825,274,1861632.0,2314.0,0.107396975,11.21602
0.11450195,1.7881393e-07,-5173.8,5.9717116,1790881962.7599833,0.0021701672,909,0.00840836,0.2,0.0003,1.672284,6803.612133193,274,1863680.0,2314.0,0.10616581,11.211345
0.11645508,0.0,-5173.8,5.86751,1790881970.263909,0.0032898283,910,0.008229807,0.2,0.0003,1.6845167,6808.613569086,274,1865728.0,2314.0,0.10616474,11.209823
0.13125,0.0,-5173.8,5.534369,1790881977.7637334,0.005982839,911,0.01810754,0.2,0.0003,1.6777323,6818.615595818,274,1867776.0,2314.0,0.107083976,11.209893
0.1340332,0.0,-5173.8,5.472089,1790881985.2731543,0.0017845667,912,0.006150763,0.2,0.0003,1.6652592,6823.616252955,274,1869824.0,2314.0,0.107428566,11.213253
0.13427734,-1.1920929e-07,-5173.8,5.799765,1790881992.2761917,0.00410959,913,0.012244664,0.2,0.0003,1.6612406,6833.6186343,274,1871872.0,2314.0,0.10708696,11.211201
0.09418945,0.0,-5173.8,4.9254265,1790881999.7625625,0.004013891,914,0.0074972725,0.2,0.0003,1.6785837,6838.620150722,274,1873920.0,2314.0,0.10551639,11.210775
0.10825195,5.9604645e-08,-5173.8,5.2003746,1790882007.2260697,0.0031993005,915,0.006122832,0.2,0.0003,1.6951618,6848.621723065,274,1875968.0,2314.0,0.105233595,11.212097
0.117041014,1.7881393e-07,-5173.8,5.4288054,1790882014.752917,0.0025862884,916,0.01306049,0.2,0.0003,1.6996241,6853.623625816,274,1878016.0,2314.0,0.10508264,11.21302
0.11748047,0.0,-5173.8,5.475637,1790882022.1795702,0.001909595,917,0.008174716,0.2,0.0003,1.7084256,6863.625627015,274,1880064.0,2314.0,0.10442634,11.210488
0.110644534,0.0,-5173.8,5.5108347,1790882029.6936142,-9.860002e-05,918,0.009051606,0.2,0.0003,1.7058768,6868.626844715,274,1882112.0,2314.0,0.10510151,11.210124
0.10942383,1.7881393e-07,-5173.8,4.644896,1790882037.2123156,0.0056598615,919,0.007866843,0.2,0.0003,1.701799,6878.62948185,274,1884160.0,2314.0,0.10512008,11.209072
0.14082031,0.0,-5173.8,5.7173057,1790882044.7396226,0.005297649,920,0.011510201,0.2,0.0003,1.6950438,6883.630710157,274,1886208.0,2314.0,0.10563423,11.208994
0.122802734,0.0,-5173.8,5.430188,1790882052.2388828,0.0028313133,921,0.008278393,0.2,0.0003,1.6852164,6893.633251393,274,1888256.0,2314.0,0.106248535,11.211254
0.08911133,-1.1920929e-07,-5173.8,5.082655,1790882059.7643428,0.0030734856,922,0.0046333633,0.2,0.0003,1.6882095,6898.63436784,274,1890304.0,2314.0,0.10546002,11.211159
0.13481446,0.0,-5173.8,5.1041293,1790882067.2783368,0.0024117562,923,0.013774583,0.2,0.0003,1.6969137,6908.636880499,274,1892352.0,2314.0,0.10535018,11.212293
0.12338867,0.0,-5173.8,4.336837,1790882074.796197,0.004814171,924,0.00857795,0.2,0.0003,1.7031881,6913.639068891,274,1894400.0,2314.0,0.10473401,11.214861
0.118701175,0.0,-5173.8,7.567163,1790882082.3002057,0.0016139208,925,0.008326641,0.2,0.0003,1.709911,6923.640964073,274,1896448.0,2314.0,0.10470322,11.20996
0.107177734,-1.1920929e-07,-5173.8,4.887371,1790882089.8159509,0.0046658856,926,0.0067955046,0.2,0.0003,1.708984,6928.642234728,274,1898496.0,2314.0,0.10492305,11.209898
0.15385742,1.7881393e-07,-5173.8,4.0864143,1790882097.3384776,0.006308006,927,0.0148399025,0.2,0.0003,1.7134314,6938.644167224,274,1900544.0,2314.0,0.10466906,11.211242
0.119824216,5.9604645e-08,-5173.8,4.875664,1790882104.8035135,0.0037833236,928,0.0072803223,0.2,0.0003,1.7152876,6943.645292317,274,1902592.0,2314.0,0.104580656,11.211531
0.13647461,0.0,-5173.8,5.97194,1790882112.3135564,0.004033778,929,0.015515654,0.2,0.0003,1.7066854,6953.647674107,274,1904640.0,2314.0,0.10497655,11.2106085
0.13129883,0.0,-5173.8,5.1090364,1790882119.834084,0.0066377097,930,0.012503489,0.2,0.0003,1.7033647,6958.649140441,274,1906688.0,2314.0,0.10540938,11.209686
0.12211914,0.0,-5173.8,6.9697266,1790882127.3718233,0.0041377773,931,0.00927289,0.2,0.0003,1.7032639,6968.651230537,274,1908736.0,2314.0,0.104937665,11.209538
0.12719727,0.0,-5173.8,4.9948235,1790882134.8879461,0.0019897425,932,0.008086831,0.2,0.0003,1.7147188,6973.652973186,274,1910784.0,2314.0,0.10436475,11.2115755
0.11308594,0.0,-5173.8,5.280922,1790882142.4046814,0.0056395773,933,0.00601351,0.2,0.0003,1.7317445,6983.655735361,274,1912832.0,2314.0,0.103739366,11.212807
0.1484375,0.0,-5173.8,6.1813126,1790882149.876501,0.006024186,934,0.016427942,0.2,0.0003,1.7350031,6988.656944692,274,1914880.0,2314.0,0.103841275,11.210886
0.11000977,0.0,-5173.8,4.9067044,1790882157.3881397,0.0019692092,935,0.013734842,0.2,0.0003,1.7283608,6998.658102438,274,1916928.0,2314.0,0.10442495,11.210779
0.09047852,0.0,-5173.8,4.277078,1790882164.9176953,0.0031333647,936,0.010359722,0.2,0.0003,1.7289805,7003.658757685,274,1918976.0,2314.0,0.10401878,11.21018
0.13144532,0.0,-5173.8,5.309065,1790882172.4337504,0.006910802,937,0.01533657,0.2,0.0003,1.7265692,7013.661573129,274,1921024.0,2314.0,0.10453622,11.211991
0.11977539,0.0,-5173.8,6.278457,1790882179.9623225,0.004859995,938,0.006855305,0.2,0.0003,1.7267472,7018.662281526,274,1923072.0,2314.0,0.1039374,11.210768
0.14023438,-1.1920929e-07,-5173.8,5.6447835,1790882187.3687282,0.0033759654,939,0.008236863,0.2,0.0003,1.7432003,7028.664215055,274,1925120.0,2314.0,0.103160396,11.211586
0.12646484,0.0,-5173.8,5.6413236,1790882194.879491,0.0044808197,940,0.009536903,0.2,0.0003,1.7524176,7033.666035914,274,1927168.0,2314.0,0.10252136,11.210723
0.1328125,0.0,-5173.8,6.2214065,1790882202.3859653,0.003143859,941,0.00933281,0.2,0.0003,1.7756382,7043.667390002,274,1929216.0,2314.0,0.100926146,11.211287
0.13427734,0.0,-5173.8,5.105173,1790882209.9148936,0.006281223,942,0.012602659,0.2,0.0003,1.7941483,7048.668717371,274,1931264.0,2314.0,0.100539565,11.210687
0.12368164,5.9604645e-08,-5173.8,5.920985,1790882217.4128509,0.005399559,943,0.008488907,0.2,0.0003,1.7934222,7058.671357252,274,1933312.0,2314.0,0.10051824,11.210201
0.09584961,0.0,-5173.8,5.5347247,1790882224.9346418,0.003426808,944,0.006217087,0.2,0.0003,1.7951834,7063.672700338,274,1935360.0,2314.0,0.10055666,11.2113695
0.1480957,-1.1920929e-07,-5173.8,6.8229365,1790882232.453626,0.0062335953,945,0.0050985473,0.2,0.0003,1.8032467,7073.674760107,274,1937408.0,2314.0,0.099751376,11.212275
0.11435547,0.0,-5173.8,4.7496033,1790882239.984368,0.0021454773,946,0.0065786485,0.2,0.0003,1.8152796,7078.676336329,274,1939456.0,2314.0,0.09906328,11.210044
0.103466794,0.0,-5173.8,6.046935,1790882247.44467,0.0054787034,947,0.010621272,0.2,0.0003,1.8213179,7088.679181748,274,1941504.0,2314.0,0.09879716,11.210339
0.12001953,0.0,-5173.8,5.3727436,1790882254.8967319,0.0045430376,948,0.008608783,0.2,0.0003,1.8363876,7093.6806454,274,1943552.0,2314.0,0.09800558,11.212029
0.10317383,0.0,-5173.8,4.2966304,1790882262.2266407,0.00030311078,949,0.00984493,0.2,0.0003,1.8551337,7103.685617515,274,1945600.0,2314.0,0.09684546,11.2118845
0.17475586,0.0,-5173.8,5.761302,1790882269.5954194,0.0069048856,950,0.014296554,0.2,0.0003,1.8705137,7108.686882752,274,1947648.0,2314.0,0.09627102,11.211506
0.111572266,0.0,-5173.8,5.659713,1790882277.011041,0.0032167756,951,0.011237127,0.2,0.0003,1.872838,7118.68879009,274,1949696.0,2314.0,0.09685198,11.210767
0.12133789,-1.1920929e-07,-5173.8,5.4546175,1790882284.4310026,0.004494384,952,0.0072060404,0.2,0.0003,1.8671685,7123.690266061,274,1951744.0,2314.0,0.09686752,11.209771
0.12836914,5.9604645e-08,-5173.8,3.5348017,1790882291.8598716,0.0044237734,953,0.008604867,0.2,0.0003,1.8751684,7133.692105655,274,1953792.0,2314.0,0.09619486,11.211122
0.1315918,5.9604645e-08,-5173.8,5.824067,1790882299.3141065,0.0041478444,954,0.007923394,0.2,0.0003,1.8943208,7138.693542822,274,1955840.0,2314.0,0.095261596,11.211572
0.11723633,0.0,-5173.8,5.6294193,1790882306.732266,0.0053964793,955,0.008429649,0.2,0.0003,1.9017128,7148.695970564,274,1957888.0,2314.0,0.095220625,11.214416
0.12133789,0.0,-5173.8,5.7009726,1790882314.1596355,0.0038956269,956,0.008196184,0.2,0.0003,1.9056262,7153.697446112,274,1959936.0,2314.0,0.094855145,11.21111
0.13881835,0.0,-5173.8,4.728997,1790882321.5591373,0.005801474,957,0.012650558,0.2,0.0003,1.9100326,7158.698695794,274,1961984.0,2314.0,0.09474933,11.2088
0.12026367,0.0,-5173.8,3.9735403,1790882328.9096322,0.0040322384,958,0.0061250124,0.2,0.0003,1.9158969,7168.700374327,274,1964032.0,2314.0,0.09412561,11.210562
0.13876954,0.0,-5173.8,6.566566,1790882336.4063082,0.005475642,959,0.007646822,0.2,0.0003,1.9243209,7173.701356365,274,1966080.0,2314.0,0.09429508,11.21129
0.14487305,5.9604645e-08,-5173.8,5.776656,1790882343.906427,0.0051605427,960,0.006618906,0.2,0.0003,1.9172689,7183.703025155,274,1968128.0,2314.0,0.09453167,11.209041
0.12080078,0.0,-5173.8,5.9127812,1790882351.3778777,0.0035669105,961,0.006798902,0.2,0.0003,1.9177098,7188.703791474,274,1970176.0,2314.0,0.0945723,11.210456
0.11987305,0.0,-5173.8,5.302876,1790882358.8437898,0.005853145,962,0.0077761672,0.2,0.0003,1.9258355,7198.706109854,274,1972224.0,2314.0,0.09400643,11.210472
0.11953125,5.9604645e-08,-5173.8,5.998217,1790882366.1633654,0.0043224483,963,0.012455862,0.2,0.0003,1.9345969,7203.707684329,274,1974272.0,2314.0,0.09340878,11.209309
0.15634766,0.0,-5173.8,6.0573616,1790882373.54562,0.006632409,964,0.013420358,0.2,0.0003,1.9477886,7213.709677829,274,1976320.0,2314.0,0.09277119,11.209057
0.15180664,1.7881393e-07,-5173.8,6.2245183,1790882380.9404495,0.006003109,965,0.009160785,0.2,0.0003,1.9543983,7218.710984169,274,1978368.0,2314.0,0.09249357,11.210557
0.13076171,0.0,-5173.8,5.888267,1790882388.364272,0.0049749454,966,0.0036237543,0.2,0.0003,1.9613326,7228.71316616,274,1980416.0,2314.0,0.092407875,11.2106495
0.119189456,0.0,-5173.8,6.957177,1790882395.7742045,0.00474873,967,0.0058409255,0.2,0.0003,1.957591,7233.714035717,274,1982464.0,2314.0,0.09262191,11.210974
0.13955078,0.0,-5173.8,4.0592957,1790882403.2330532,0.006465905,968,0.015362041,0.2,0.0003,1.950627,7243.71641458,274,1984512.0,2314.0,0.0931185,11.214037
0.12211914,0.0,-5173.8,5.4708323,1790882410.6099966,0.0025456802,969,0.012097943,0.2,0.0003,1.9436358,7248.717256742,274,1986560.0,2314.0,0.093446545,11.211268
0.16123047,1.7881393e-07,-5173.8,5.9060564,1790882418.047547,0.007830268,970,0.010282717,0.2,0.0003,1.9362897,7258.718523929,274,1988608.0,2314.0,0.09380408,11.210812
0.11411133,0.0,-5173.8,5.65953,1790882425.482577,0.0046792426,971,0.01176638,0.2,0.0003,1.9263215,7263.719531098,274,1990656.0,2314.0,0.09442381,11.211024
0.14697266,0.0,-5173.8,5.3186755,1790882432.910113,0.0043752207,972,0.0083453385,0.2,0.0003,1.9179844,7273.722379779,274,1992704.0,2314.0,0.09406453,11.212845
0.12705079,0.0,-5173.8,5.1277504,1790882440.2875426,0.0032516692,973,0.00705335,0.2,0.0003,1.9264166,7278.72452057,274,1994752.0,2314.0,0.09438398,11.210124
0.119628906,0.0,-5173.8,5.042172,1790882447.7134542,0.004909855,974,0.010998189,0.2,0.0003,1.9133244,7288.726412931,274,1996800.0,2314.0,0.095335275,11.211638
0.106933594,0.0,-5173.8,6.106104,1790882455.110883,0.005241358,975,0.010032017,0.2,0.0003,1.9116074,7293.727228883,274,1998848.0,2314.0,0.09487333,11.212737
0.12851563,0.0,-5173.8,6.8226786,1790882462.5538301,0.006123078,976,0.005355801,0.2,0.0003,1.9219621,7296.115046345,274,2000896.0,2314.0,0.09453461,11.210637
